artist_count,in_spotify_playlists,streams,in_apple_playlists,in_deezer_playlists,bpm,danceability,valence,energy,acousticness,instrumentalness,liveness,speechiness,kmeans_1,kmeans_2,kmeans_3,kmeans_4,kmeans_5,kmeans_6,kmeans_7,kmeans_8,kmeans_9,kmeans_10
2.0,553.0,141381703.0,43.0,45.0,125.0,80.0,89.0,83.0,31.0,0.0,8.0,4.0,0.0,1.0,2.0,1.0,0.0,2.0,1.0,1.0,2.0,5.0
1.0,1474.0,133716286.0,48.0,58.0,92.0,71.0,61.0,74.0,7.0,0.0,10.0,4.0,0.0,1.0,2.0,1.0,0.0,2.0,1.0,1.0,6.0,5.0
1.0,1397.0,140003974.0,94.0,91.0,138.0,51.0,32.0,53.0,17.0,0.0,31.0,6.0,0.0,1.0,1.0,0.0,2.0,5.0,4.0,0.0,4.0,6.0
1.0,7858.0,800840817.0,116.0,125.0,170.0,55.0,58.0,72.0,11.0,0.0,11.0,15.0,0.0,0.0,0.0,2.0,4.0,5.0,2.0,4.0,7.0,2.0
1.0,3133.0,303236322.0,84.0,87.0,144.0,65.0,23.0,80.0,14.0,63.0,11.0,6.0,0.0,1.0,1.0,0.0,2.0,5.0,6.0,7.0,4.0,4.0
2.0,2186.0,183706234.0,67.0,88.0,141.0,92.0,66.0,58.0,19.0,0.0,8.0,24.0,0.0,1.0,2.0,3.0,1.0,4.0,0.0,1.0,7.0,7.0
2.0,3090.0,725980112.0,34.0,43.0,148.0,67.0,83.0,76.0,48.0,0.0,8.0,3.0,0.0,1.0,2.0,1.0,0.0,2.0,1.0,1.0,2.0,5.0
1.0,714.0,58149378.0,25.0,30.0,100.0,67.0,26.0,71.0,37.0,0.0,11.0,4.0,0.0,1.0,2.0,1.0,0.0,5.0,4.0,6.0,6.0,6.0
1.0,1096.0,95217315.0,60.0,48.0,130.0,85.0,22.0,62.0,12.0,0.0,28.0,9.0,0.0,1.0,2.0,1.0,0.0,5.0,4.0,0.0,6.0,5.0
2.0,2953.0,553634067.0,49.0,66.0,170.0,81.0,56.0,48.0,21.0,0.0,8.0,33.0,0.0,1.0,2.0,3.0,1.0,4.0,0.0,0.0,7.0,7.0
2.0,2876.0,505671438.0,41.0,54.0,83.0,57.0,56.0,72.0,23.0,0.0,27.0,5.0,0.0,1.0,2.0,1.0,3.0,5.0,1.0,5.0,6.0,1.0
1.0,422.0,58255150.0,37.0,21.0,150.0,78.0,52.0,82.0,18.0,0.0,15.0,7.0,0.0,1.0,2.0,1.0,0.0,2.0,1.0,0.0,2.0,5.0
1.0,12211.0,1316855716.0,300.0,745.0,118.0,71.0,65.0,68.0,6.0,0.0,3.0,7.0,0.0,0.0,0.0,2.0,4.0,3.0,3.0,3.0,3.0,8.0
1.0,3528.0,387570742.0,80.0,182.0,130.0,51.0,32.0,43.0,83.0,0.0,9.0,3.0,0.0,1.0,1.0,0.0,2.0,1.0,5.0,6.0,1.0,3.0
1.0,23575.0,2513188493.0,403.0,863.0,174.0,52.0,66.0,73.0,34.0,0.0,31.0,6.0,0.0,0.0,0.0,2.0,4.0,3.0,3.0,3.0,3.0,8.0
1.0,8109.0,1163093654.0,183.0,161.0,89.0,64.0,43.0,73.0,5.0,17.0,16.0,4.0,0.0,0.0,0.0,2.0,4.0,3.0,2.0,4.0,0.0,2.0
1.0,2942.0,496795686.0,91.0,78.0,120.0,78.0,76.0,59.0,43.0,0.0,34.0,3.0,0.0,1.0,2.0,1.0,3.0,2.0,1.0,5.0,2.0,5.0
1.0,873.0,30546883.0,80.0,95.0,78.0,44.0,14.0,9.0,96.0,0.0,10.0,3.0,0.0,1.0,1.0,0.0,2.0,1.0,5.0,6.0,1.0,3.0
2.0,2610.0,335222234.0,43.0,54.0,100.0,86.0,67.0,66.0,14.0,0.0,12.0,16.0,0.0,1.0,2.0,1.0,0.0,2.0,1.0,1.0,2.0,5.0
1.0,596.0,363369738.0,8.0,23.0,120.0,63.0,36.0,73.0,0.0,0.0,36.0,4.0,0.0,1.0,2.0,1.0,3.0,5.0,4.0,5.0,5.0,1.0
3.0,332.0,86444842.0,11.0,10.0,140.0,65.0,87.0,74.0,22.0,0.0,42.0,4.0,0.0,1.0,2.0,1.0,3.0,2.0,1.0,5.0,2.0,1.0
1.0,516.0,52135248.0,73.0,42.0,123.0,69.0,82.0,76.0,6.0,0.0,6.0,3.0,0.0,1.0,2.0,1.0,0.0,2.0,1.0,1.0,2.0,5.0
1.0,12859.0,1297026226.0,24.0,582.0,135.0,48.0,44.0,42.0,12.0,2.0,11.0,3.0,0.0,0.0,0.0,2.0,4.0,0.0,2.0,2.0,0.0,2.0
2.0,1313.0,200647221.0,17.0,32.0,133.0,85.0,81.0,67.0,26.0,0.0,12.0,5.0,0.0,1.0,2.0,1.0,0.0,2.0,1.0,1.0,2.0,5.0
3.0,1945.0,115364561.0,74.0,87.0,99.0,85.0,83.0,68.0,7.0,0.0,36.0,20.0,0.0,1.0,2.0,1.0,3.0,2.0,1.0,1.0,2.0,1.0
1.0,250.0,78300654.0,16.0,10.0,130.0,79.0,96.0,86.0,9.0,0.0,9.0,9.0,0.0,1.0,2.0,1.0,0.0,2.0,1.0,1.0,2.0,5.0
2.0,7112.0,899183384.0,202.0,318.0,107.0,80.0,82.0,80.0,43.0,0.0,14.0,4.0,0.0,0.0,0.0,2.0,4.0,3.0,2.0,4.0,0.0,2.0
2.0,859.0,61245289.0,35.0,41.0,122.0,81.0,74.0,71.0,14.0,0.0,56.0,4.0,0.0,1.0,2.0,1.0,3.0,2.0,1.0,5.0,5.0,1.0
1.0,2420.0,429829812.0,52.0,15.0,204.0,52.0,52.0,68.0,46.0,0.0,15.0,4.0,0.0,1.0,1.0,0.0,2.0,5.0,4.0,0.0,4.0,3.0
1.0,2988.0,127408954.0,0.0,143.0,110.0,67.0,78.0,85.0,2.0,0.0,33.0,5.0,0.0,1.0,2.0,1.0,3.0,2.0,1.0,5.0,2.0,1.0
1.0,864.0,22581161.0,71.0,50.0,126.0,74.0,35.0,84.0,0.0,0.0,11.0,6.0,0.0,1.0,2.0,1.0,0.0,5.0,4.0,0.0,6.0,5.0
2.0,266.0,52294266.0,20.0,13.0,168.0,56.0,63.0,87.0,39.0,0.0,11.0,5.0,0.0,1.0,2.0,1.0,0.0,5.0,1.0,0.0,4.0,5.0
3.0,6036.0,843957510.0,113.0,245.0,98.0,71.0,17.0,61.0,36.0,0.0,8.0,5.0,0.0,0.0,0.0,2.0,0.0,0.0,2.0,4.0,0.0,2.0
1.0,9082.0,999748277.0,242.0,165.0,97.0,64.0,51.0,63.0,12.0,0.0,19.0,5.0,0.0,0.0,0.0,2.0,4.0,3.0,2.0,4.0,0.0,2.0
2.0,4284.0,618990393.0,115.0,184.0,180.0,72.0,61.0,63.0,67.0,0.0,9.0,28.0,0.0,1.0,2.0,3.0,1.0,4.0,0.0,0.0,7.0,7.0
8.0,1150.0,123122413.0,22.0,34.0,120.0,81.0,63.0,68.0,11.0,0.0,11.0,4.0,0.0,1.0,2.0,1.0,0.0,2.0,1.0,1.0,2.0,9.0
2.0,672.0,188933502.0,19.0,24.0,150.0,61.0,39.0,73.0,37.0,0.0,11.0,3.0,0.0,1.0,2.0,1.0,0.0,5.0,4.0,0.0,4.0,5.0
1.0,11434.0,1355959075.0,154.0,410.0,96.0,75.0,57.0,68.0,9.0,0.0,13.0,6.0,0.0,0.0,0.0,2.0,4.0,3.0,2.0,4.0,0.0,2.0
1.0,7830.0,786181836.0,94.0,151.0,95.0,60.0,48.0,79.0,0.0,0.0,12.0,4.0,0.0,0.0,0.0,1.0,0.0,5.0,2.0,4.0,0.0,2.0
1.0,584.0,176553476.0,16.0,15.0,125.0,79.0,96.0,85.0,27.0,0.0,11.0,6.0,0.0,1.0,2.0,1.0,0.0,2.0,1.0,1.0,2.0,5.0
2.0,692.0,354495408.0,10.0,6.0,144.0,56.0,84.0,65.0,23.0,0.0,10.0,6.0,0.0,1.0,2.0,1.0,0.0,2.0,1.0,1.0,2.0,5.0
2.0,24094.0,2808096550.0,372.0,843.0,90.0,76.0,91.0,50.0,54.0,0.0,7.0,5.0,0.0,0.0,0.0,2.0,4.0,3.0,3.0,3.0,3.0,8.0
2.0,12482.0,1109433169.0,291.0,537.0,128.0,56.0,38.0,97.0,4.0,0.0,35.0,4.0,0.0,0.0,0.0,2.0,4.0,3.0,3.0,3.0,3.0,8.0
3.0,13387.0,1047101291.0,77.0,247.0,79.0,56.0,58.0,56.0,37.0,0.0,11.0,10.0,0.0,0.0,0.0,2.0,4.0,0.0,2.0,4.0,0.0,2.0
3.0,1117.0,65156199.0,82.0,65.0,144.0,77.0,75.0,58.0,52.0,0.0,23.0,25.0,0.0,1.0,2.0,3.0,1.0,4.0,0.0,1.0,8.0,7.0
1.0,3372.0,570515054.0,65.0,138.0,122.0,67.0,49.0,64.0,10.0,0.0,10.0,3.0,0.0,1.0,2.0,1.0,0.0,5.0,4.0,4.0,6.0,5.0
1.0,8431.0,1085685420.0,241.0,458.0,140.0,71.0,82.0,81.0,11.0,0.0,6.0,5.0,0.0,0.0,0.0,2.0,4.0,3.0,2.0,4.0,0.0,2.0
1.0,2483.0,1647990401.0,68.0,24.0,134.0,59.0,51.0,52.0,9.0,0.0,15.0,7.0,0.0,1.0,1.0,0.0,0.0,5.0,2.0,4.0,0.0,2.0
2.0,3408.0,518745108.0,87.0,74.0,67.0,53.0,50.0,53.0,23.0,0.0,44.0,7.0,0.0,1.0,2.0,1.0,0.0,5.0,4.0,1.0,6.0,5.0
3.0,1298.0,107753850.0,44.0,57.0,106.0,72.0,17.0,64.0,7.0,0.0,10.0,5.0,0.0,1.0,2.0,1.0,0.0,5.0,4.0,4.0,4.0,2.0
3.0,4277.0,177740666.0,145.0,213.0,128.0,60.0,23.0,91.0,0.0,0.0,12.0,3.0,0.0,1.0,2.0,1.0,0.0,2.0,1.0,1.0,2.0,5.0
1.0,1133.0,153372011.0,14.0,23.0,107.0,92.0,55.0,70.0,18.0,0.0,15.0,7.0,0.0,1.0,2.0,1.0,0.0,2.0,1.0,1.0,2.0,5.0
1.0,2259.0,57876440.0,0.0,109.0,130.0,67.0,96.0,88.0,12.0,19.0,8.0,4.0,0.0,1.0,2.0,1.0,0.0,2.0,1.0,1.0,2.0,5.0
1.0,2649.0,256483385.0,67.0,57.0,137.0,64.0,88.0,72.0,51.0,0.0,17.0,5.0,0.0,0.0,0.0,0.0,2.0,0.0,2.0,2.0,0.0,2.0
1.0,6804.0,1214083358.0,139.0,161.0,125.0,84.0,85.0,68.0,58.0,0.0,22.0,4.0,0.0,1.0,2.0,1.0,0.0,2.0,1.0,1.0,2.0,5.0
1.0,525.0,16011326.0,34.0,39.0,128.0,86.0,42.0,72.0,59.0,0.0,9.0,19.0,0.0,1.0,2.0,1.0,0.0,2.0,1.0,4.0,2.0,5.0
1.0,7923.0,812019557.0,106.0,142.0,130.0,61.0,53.0,58.0,55.0,0.0,27.0,4.0,0.0,1.0,2.0,1.0,0.0,2.0,1.0,1.0,2.0,5.0
2.0,731.0,111947664.0,27.0,73.0,130.0,86.0,59.0,96.0,50.0,1.0,9.0,5.0,0.0,1.0,2.0,1.0,0.0,2.0,1.0,1.0,6.0,6.0
2.0,5184.0,156338624.0,154.0,102.0,133.0,70.0,86.0,81.0,25.0,0.0,25.0,5.0,0.0,1.0,2.0,3.0,1.0,4.0,0.0,1.0,8.0,7.0
3.0,3107.0,720434240.0,38.0,4.0,101.0,88.0,72.0,59.0,62.0,0.0,9.0,3.0,0.0,1.0,2.0,1.0,3.0,5.0,4.0,5.0,5.0,1.0
2.0,4053.0,357925728.0,82.0,182.0,95.0,77.0,53.0,64.0,74.0,0.0,17.0,14.0,0.0,1.0,1.0,0.0,2.0,0.0,5.0,2.0,7.0,3.0
2.0,4637.0,674072710.0,63.0,89.0,98.0,90.0,40.0,59.0,0.0,0.0,10.0,29.0,0.0,1.0,2.0,1.0,3.0,5.0,4.0,5.0,4.0,1.0
1.0,3818.0,404562836.0,37.0,32.0,90.0,64.0,10.0,62.0,7.0,0.0,48.0,7.0,0.0,1.0,2.0,1.0,3.0,2.0,1.0,5.0,2.0,1.0
1.0,3506.0,373199958.0,105.0,169.0,198.0,59.0,71.0,42.0,55.0,0.0,10.0,7.0,0.0,0.0,0.0,2.0,4.0,3.0,3.0,3.0,3.0,8.0
1.0,410.0,14780425.0,36.0,31.0,140.0,56.0,48.0,73.0,0.0,0.0,35.0,4.0,0.0,1.0,1.0,0.0,2.0,1.0,5.0,6.0,1.0,6.0
1.0,148.0,39578178.0,32.0,8.0,82.0,51.0,22.0,53.0,1.0,0.0,15.0,3.0,0.0,0.0,0.0,2.0,4.0,3.0,2.0,4.0,0.0,2.0
2.0,1004.0,54266102.0,42.0,58.0,130.0,77.0,84.0,89.0,17.0,0.0,43.0,5.0,0.0,1.0,1.0,0.0,2.0,1.0,5.0,6.0,1.0,6.0
1.0,22543.0,2557975762.0,386.0,707.0,81.0,76.0,53.0,53.0,44.0,0.0,9.0,9.0,0.0,0.0,0.0,2.0,4.0,3.0,2.0,4.0,0.0,2.0
1.0,4511.0,751134527.0,70.0,109.0,94.0,51.0,14.0,59.0,65.0,18.0,25.0,3.0,0.0,1.0,2.0,1.0,0.0,2.0,1.0,0.0,7.0,5.0
2.0,8506.0,1356565093.0,94.0,164.0,128.0,62.0,55.0,78.0,1.0,3.0,23.0,4.0,0.0,1.0,1.0,0.0,2.0,1.0,5.0,6.0,1.0,3.0
1.0,3246.0,635412045.0,94.0,68.0,132.0,58.0,27.0,48.0,50.0,0.0,12.0,3.0,0.0,1.0,1.0,1.0,0.0,5.0,4.0,0.0,4.0,6.0
2.0,8576.0,1230675890.0,216.0,331.0,131.0,71.0,24.0,47.0,1.0,0.0,27.0,9.0,0.0,0.0,0.0,2.0,4.0,3.0,3.0,3.0,3.0,8.0
2.0,3618.0,585695368.0,47.0,80.0,168.0,78.0,58.0,73.0,5.0,0.0,10.0,7.0,0.0,1.0,2.0,1.0,0.0,2.0,1.0,1.0,2.0,5.0
1.0,370.0,43857627.0,12.0,18.0,98.0,68.0,40.0,79.0,33.0,0.0,30.0,6.0,0.0,0.0,0.0,2.0,4.0,3.0,2.0,4.0,0.0,2.0
2.0,2790.0,600976848.0,60.0,71.0,101.0,34.0,32.0,57.0,78.0,0.0,20.0,3.0,0.0,1.0,2.0,1.0,0.0,2.0,1.0,1.0,6.0,5.0
2.0,267.0,39709092.0,9.0,25.0,130.0,63.0,36.0,34.0,76.0,0.0,35.0,9.0,0.0,1.0,2.0,1.0,0.0,2.0,1.0,0.0,2.0,5.0
1.0,139.0,39228929.0,16.0,5.0,142.0,50.0,20.0,64.0,1.0,0.0,12.0,3.0,0.0,1.0,2.0,1.0,0.0,5.0,4.0,0.0,4.0,5.0
2.0,17050.0,2665343922.0,492.0,798.0,170.0,59.0,48.0,76.0,4.0,0.0,10.0,5.0,0.0,1.0,1.0,0.0,2.0,5.0,4.0,0.0,6.0,6.0
2.0,2114.0,223633238.0,80.0,110.0,124.0,78.0,70.0,68.0,3.0,1.0,11.0,4.0,0.0,1.0,1.0,1.0,3.0,5.0,4.0,5.0,5.0,1.0
2.0,8870.0,1440757818.0,104.0,141.0,92.0,91.0,43.0,71.0,9.0,0.0,9.0,8.0,0.0,1.0,1.0,0.0,2.0,1.0,5.0,6.0,1.0,6.0
2.0,641.0,58054811.0,1.0,8.0,129.0,63.0,84.0,82.0,70.0,8.0,9.0,7.0,0.0,1.0,2.0,1.0,3.0,5.0,4.0,5.0,6.0,1.0
1.0,1446.0,157058870.0,57.0,35.0,98.0,71.0,67.0,60.0,19.0,0.0,12.0,3.0,0.0,0.0,0.0,2.0,4.0,0.0,2.0,2.0,0.0,3.0
1.0,804.0,95131998.0,29.0,24.0,172.0,74.0,76.0,76.0,6.0,0.0,10.0,9.0,0.0,1.0,2.0,1.0,0.0,5.0,4.0,1.0,6.0,6.0
2.0,1962.0,250305248.0,28.0,29.0,150.0,68.0,14.0,76.0,4.0,0.0,10.0,4.0,0.0,1.0,2.0,1.0,0.0,5.0,4.0,0.0,4.0,5.0
1.0,4875.0,685032533.0,19.0,0.0,136.0,62.0,19.0,53.0,11.0,0.0,6.0,4.0,0.0,1.0,2.0,1.0,0.0,2.0,1.0,1.0,2.0,5.0
1.0,31.0,38411956.0,2.0,8.0,88.0,53.0,34.0,47.0,9.0,0.0,83.0,4.0,0.0,1.0,1.0,0.0,2.0,1.0,5.0,6.0,1.0,6.0
2.0,2175.0,144565150.0,69.0,69.0,143.0,83.0,69.0,44.0,15.0,0.0,10.0,33.0,0.0,1.0,2.0,1.0,0.0,5.0,4.0,4.0,6.0,2.0
1.0,2000.0,127567540.0,49.0,63.0,100.0,49.0,17.0,35.0,71.0,9.0,11.0,3.0,0.0,0.0,0.0,1.0,0.0,2.0,2.0,4.0,0.0,2.0
1.0,2839.0,399686758.0,58.0,42.0,143.0,56.0,39.0,55.0,14.0,0.0,11.0,13.0,0.0,0.0,0.0,2.0,4.0,3.0,3.0,3.0,3.0,8.0
1.0,674.0,118482347.0,20.0,25.0,93.0,62.0,57.0,59.0,3.0,0.0,38.0,3.0,0.0,1.0,2.0,1.0,0.0,2.0,1.0,1.0,2.0,5.0
1.0,8448.0,882831184.0,160.0,163.0,206.0,43.0,50.0,55.0,50.0,0.0,15.0,10.0,0.0,1.0,2.0,1.0,0.0,5.0,4.0,0.0,4.0,5.0
3.0,2110.0,286400165.0,17.0,19.0,88.0,68.0,17.0,71.0,15.0,0.0,11.0,5.0,0.0,0.0,0.0,2.0,4.0,3.0,3.0,3.0,3.0,8.0
1.0,2528.0,172825906.0,56.0,59.0,170.0,50.0,37.0,90.0,0.0,0.0,12.0,5.0,0.0,1.0,2.0,1.0,0.0,5.0,4.0,0.0,4.0,6.0
1.0,77.0,29562220.0,8.0,4.0,134.0,81.0,53.0,72.0,51.0,0.0,12.0,5.0,0.0,1.0,2.0,1.0,0.0,2.0,1.0,1.0,2.0,5.0
1.0,266.0,77309611.0,6.0,6.0,158.0,54.0,50.0,40.0,61.0,0.0,10.0,6.0,0.0,1.0,1.0,0.0,2.0,1.0,5.0,6.0,1.0,6.0
1.0,3423.0,1116995633.0,41.0,59.0,117.0,61.0,45.0,69.0,2.0,0.0,9.0,3.0,0.0,1.0,2.0,1.0,0.0,5.0,2.0,4.0,0.0,2.0
1.0,4198.0,838079900.0,98.0,327.0,114.0,77.0,65.0,72.0,2.0,0.0,7.0,5.0,0.0,1.0,2.0,1.0,0.0,2.0,1.0,5.0,2.0,5.0
2.0,26792.0,1093605526.0,69.0,695.0,144.0,74.0,37.0,53.0,7.0,0.0,21.0,10.0,0.0,1.0,2.0,1.0,0.0,2.0,4.0,1.0,6.0,6.0
1.0,213.0,179659294.0,7.0,0.0,130.0,51.0,18.0,44.0,76.0,0.0,11.0,3.0,0.0,1.0,2.0,1.0,0.0,2.0,1.0,1.0,6.0,5.0
2.0,58.0,39058561.0,2.0,4.0,116.0,77.0,79.0,62.0,33.0,1.0,15.0,3.0,0.0,1.0,2.0,1.0,0.0,2.0,1.0,1.0,2.0,5.0
1.0,99.0,36912123.0,21.0,6.0,121.0,65.0,49.0,78.0,0.0,0.0,17.0,4.0,0.0,1.0,2.0,1.0,0.0,2.0,1.0,1.0,2.0,5.0
1.0,21164.0,1791000570.0,80.0,476.0,100.0,70.0,47.0,52.0,30.0,0.0,6.0,33.0,0.0,1.0,1.0,0.0,2.0,5.0,4.0,0.0,4.0,2.0
1.0,2988.0,201660859.0,74.0,145.0,150.0,55.0,30.0,78.0,24.0,0.0,12.0,8.0,0.0,0.0,0.0,1.0,0.0,2.0,2.0,4.0,0.0,2.0
2.0,893.0,248088961.0,19.0,24.0,120.0,84.0,96.0,71.0,18.0,0.0,34.0,17.0,0.0,0.0,0.0,2.0,4.0,3.0,2.0,4.0,0.0,2.0
3.0,1094.0,90839753.0,40.0,47.0,127.0,82.0,89.0,85.0,4.0,0.0,23.0,6.0,0.0,1.0,1.0,0.0,2.0,1.0,4.0,0.0,6.0,9.0
1.0,7324.0,607123776.0,25.0,61.0,90.0,51.0,42.0,61.0,53.0,0.0,9.0,3.0,0.0,1.0,2.0,3.0,1.0,4.0,0.0,0.0,8.0,0.0
2.0,201.0,55842345.0,19.0,8.0,128.0,75.0,79.0,63.0,33.0,0.0,15.0,4.0,0.0,1.0,2.0,1.0,0.0,2.0,1.0,1.0,2.0,9.0
2.0,5120.0,211050784.0,161.0,246.0,143.0,64.0,31.0,87.0,4.0,4.0,8.0,4.0,0.0,1.0,1.0,0.0,2.0,5.0,4.0,6.0,1.0,6.0
1.0,2346.0,342897938.0,69.0,38.0,139.0,74.0,68.0,68.0,3.0,0.0,26.0,4.0,0.0,1.0,2.0,1.0,0.0,2.0,1.0,1.0,2.0,9.0
2.0,763.0,2762.0,21.0,21.0,162.0,49.0,78.0,64.0,19.0,0.0,11.0,4.0,0.0,1.0,2.0,3.0,1.0,4.0,0.0,1.0,8.0,7.0
1.0,457.0,330346424.0,8.0,4.0,92.0,81.0,39.0,60.0,31.0,0.0,7.0,3.0,0.0,1.0,2.0,1.0,0.0,2.0,1.0,1.0,2.0,5.0
1.0,3430.0,601863821.0,45.0,52.0,95.0,87.0,57.0,55.0,10.0,0.0,29.0,7.0,0.0,1.0,1.0,0.0,2.0,1.0,5.0,6.0,6.0,6.0
2.0,871.0,66902503.0,25.0,32.0,128.0,78.0,59.0,65.0,10.0,0.0,26.0,5.0,0.0,1.0,2.0,1.0,0.0,2.0,1.0,1.0,2.0,5.0
1.0,451.0,96273746.0,10.0,7.0,130.0,82.0,69.0,83.0,3.0,0.0,27.0,5.0,0.0,1.0,2.0,1.0,0.0,2.0,1.0,1.0,2.0,5.0
1.0,1783.0,430977451.0,26.0,15.0,127.0,80.0,74.0,77.0,36.0,0.0,11.0,4.0,0.0,0.0,0.0,2.0,4.0,3.0,3.0,3.0,3.0,8.0
1.0,9389.0,284819874.0,24.0,282.0,150.0,42.0,20.0,86.0,21.0,0.0,9.0,9.0,0.0,1.0,2.0,3.0,1.0,4.0,1.0,0.0,7.0,7.0
2.0,5724.0,721975598.0,119.0,254.0,122.0,78.0,50.0,63.0,27.0,0.0,9.0,5.0,0.0,0.0,0.0,1.0,0.0,2.0,2.0,4.0,0.0,2.0
1.0,13985.0,1217120710.0,30.0,588.0,140.0,52.0,20.0,85.0,0.0,0.0,7.0,5.0,0.0,1.0,2.0,1.0,0.0,5.0,1.0,0.0,4.0,5.0
4.0,1051.0,109276132.0,31.0,31.0,140.0,63.0,22.0,54.0,46.0,0.0,12.0,8.0,0.0,1.0,2.0,1.0,0.0,5.0,4.0,0.0,7.0,7.0
3.0,1682.0,276259178.0,24.0,30.0,119.0,75.0,48.0,53.0,18.0,0.0,18.0,34.0,0.0,0.0,0.0,2.0,3.0,5.0,2.0,4.0,0.0,2.0
5.0,182.0,54225632.0,3.0,1.0,110.0,76.0,96.0,72.0,32.0,0.0,9.0,4.0,0.0,1.0,2.0,1.0,0.0,5.0,2.0,4.0,6.0,2.0
1.0,2335.0,681583126.0,82.0,50.0,132.0,56.0,20.0,55.0,45.0,1.0,32.0,3.0,0.0,0.0,0.0,2.0,4.0,3.0,2.0,4.0,0.0,2.0
4.0,283.0,81102253.0,6.0,26.0,124.0,84.0,65.0,50.0,67.0,0.0,13.0,6.0,0.0,0.0,0.0,2.0,4.0,3.0,2.0,4.0,0.0,2.0
2.0,293.0,11956641.0,5.0,30.0,133.0,93.0,68.0,65.0,42.0,0.0,12.0,25.0,0.0,0.0,0.0,2.0,4.0,3.0,2.0,4.0,0.0,2.0
3.0,437.0,11599388.0,17.0,26.0,97.0,79.0,92.0,89.0,5.0,0.0,6.0,5.0,0.0,0.0,0.0,2.0,4.0,0.0,3.0,2.0,3.0,8.0
2.0,1275.0,611700552.0,13.0,5.0,90.0,59.0,52.0,48.0,38.0,5.0,10.0,11.0,0.0,0.0,0.0,2.0,4.0,0.0,5.0,2.0,1.0,3.0
2.0,6135.0,1133865788.0,71.0,99.0,80.0,65.0,27.0,69.0,8.0,0.0,53.0,4.0,0.0,0.0,0.0,2.0,4.0,0.0,3.0,2.0,0.0,3.0
1.0,1507.0,411747614.0,24.0,44.0,120.0,60.0,24.0,35.0,73.0,0.0,31.0,3.0,0.0,1.0,2.0,1.0,3.0,5.0,1.0,5.0,4.0,1.0
1.0,539.0,255932395.0,7.0,4.0,140.0,74.0,96.0,80.0,18.0,0.0,5.0,5.0,0.0,1.0,2.0,3.0,1.0,4.0,2.0,0.0,7.0,7.0
1.0,86.0,31873544.0,7.0,3.0,128.0,81.0,90.0,77.0,1.0,0.0,9.0,5.0,0.0,0.0,0.0,1.0,3.0,5.0,2.0,4.0,0.0,2.0
1.0,324.0,95053634.0,13.0,8.0,122.0,78.0,70.0,81.0,57.0,0.0,10.0,5.0,0.0,1.0,1.0,0.0,2.0,0.0,5.0,2.0,1.0,3.0
2.0,17138.0,1279434863.0,119.0,974.0,130.0,47.0,86.0,92.0,8.0,0.0,5.0,24.0,0.0,1.0,2.0,1.0,0.0,5.0,4.0,1.0,6.0,6.0
2.0,894.0,233801632.0,14.0,66.0,160.0,69.0,61.0,71.0,33.0,0.0,31.0,20.0,0.0,1.0,1.0,0.0,2.0,5.0,4.0,0.0,4.0,6.0
1.0,1622.0,1481349984.0,0.0,356.0,144.0,73.0,87.0,70.0,6.0,0.0,28.0,5.0,0.0,0.0,0.0,2.0,4.0,0.0,6.0,7.0,0.0,4.0
3.0,561.0,142095275.0,4.0,12.0,192.0,50.0,85.0,52.0,11.0,0.0,28.0,6.0,0.0,1.0,2.0,1.0,0.0,5.0,4.0,5.0,6.0,6.0
2.0,5871.0,618885532.0,81.0,58.0,163.0,54.0,40.0,67.0,0.0,0.0,9.0,17.0,0.0,0.0,0.0,2.0,4.0,0.0,2.0,2.0,0.0,2.0
1.0,5866.0,1167330737.0,107.0,95.0,154.0,61.0,41.0,74.0,21.0,0.0,40.0,6.0,0.0,1.0,2.0,1.0,0.0,2.0,1.0,0.0,4.0,5.0
1.0,3859.0,929964809.0,133.0,3.0,117.0,73.0,31.0,69.0,6.0,0.0,11.0,4.0,0.0,1.0,2.0,1.0,0.0,5.0,4.0,0.0,4.0,5.0
2.0,961.0,436027885.0,19.0,10.0,138.0,78.0,89.0,83.0,10.0,0.0,12.0,5.0,0.0,0.0,0.0,2.0,4.0,3.0,2.0,4.0,0.0,2.0
1.0,6457.0,657723613.0,98.0,453.0,96.0,86.0,74.0,80.0,33.0,0.0,8.0,6.0,0.0,1.0,2.0,1.0,0.0,5.0,4.0,0.0,4.0,5.0
1.0,4564.0,621660989.0,24.0,113.0,164.0,45.0,24.0,62.0,8.0,0.0,16.0,3.0,0.0,0.0,0.0,2.0,4.0,3.0,3.0,3.0,3.0,8.0
1.0,12688.0,1591223784.0,197.0,112.0,118.0,68.0,61.0,82.0,2.0,0.0,50.0,3.0,0.0,1.0,2.0,1.0,0.0,2.0,1.0,1.0,6.0,5.0
1.0,13801.0,950906471.0,137.0,435.0,81.0,68.0,51.0,60.0,3.0,0.0,19.0,10.0,0.0,1.0,2.0,1.0,3.0,5.0,1.0,5.0,5.0,9.0
1.0,22439.0,1593270737.0,211.0,929.0,117.0,82.0,73.0,45.0,54.0,0.0,7.0,3.0,0.0,1.0,2.0,1.0,0.0,5.0,4.0,0.0,6.0,5.0
1.0,18515.0,1410088830.0,70.0,939.0,174.0,45.0,10.0,37.0,97.0,25.0,64.0,4.0,0.0,1.0,2.0,1.0,0.0,5.0,4.0,0.0,6.0,9.0
1.0,2420.0,1661187319.0,0.0,806.0,145.0,60.0,43.0,27.0,94.0,0.0,14.0,4.0,0.0,1.0,1.0,0.0,2.0,1.0,5.0,6.0,1.0,6.0
1.0,5897.0,1374581173.0,0.0,885.0,150.0,65.0,51.0,55.0,73.0,0.0,14.0,3.0,0.0,1.0,2.0,1.0,0.0,2.0,1.0,1.0,2.0,5.0
3.0,727.0,94186466.0,17.0,28.0,90.0,60.0,13.0,53.0,4.0,0.0,21.0,4.0,0.0,1.0,1.0,0.0,2.0,1.0,5.0,6.0,6.0,6.0
1.0,356.0,143573775.0,35.0,8.0,166.0,57.0,84.0,94.0,11.0,0.0,37.0,9.0,0.0,1.0,2.0,1.0,0.0,2.0,1.0,1.0,2.0,5.0
1.0,6518.0,684675814.0,45.0,238.0,160.0,71.0,40.0,50.0,16.0,0.0,16.0,22.0,0.0,1.0,1.0,0.0,2.0,1.0,4.0,6.0,6.0,6.0
1.0,3202.0,726307468.0,148.0,226.0,170.0,56.0,53.0,64.0,11.0,0.0,45.0,6.0,0.0,1.0,2.0,1.0,0.0,2.0,1.0,1.0,2.0,5.0
1.0,7124.0,1131090940.0,60.0,2.0,120.0,67.0,40.0,52.0,86.0,0.0,12.0,4.0,0.0,1.0,2.0,1.0,0.0,2.0,1.0,1.0,6.0,5.0
2.0,592.0,307370144.0,11.0,6.0,98.0,70.0,37.0,54.0,6.0,0.0,9.0,8.0,0.0,1.0,2.0,3.0,1.0,4.0,4.0,0.0,6.0,7.0
1.0,794.0,265882712.0,38.0,61.0,150.0,34.0,24.0,56.0,4.0,0.0,11.0,3.0,0.0,1.0,2.0,1.0,0.0,5.0,4.0,4.0,6.0,2.0
1.0,13091.0,841749534.0,61.0,790.0,94.0,37.0,17.0,47.0,2.0,46.0,11.0,3.0,0.0,1.0,2.0,1.0,3.0,2.0,1.0,5.0,2.0,7.0
1.0,67.0,47956378.0,7.0,0.0,90.0,74.0,36.0,63.0,26.0,0.0,27.0,5.0,0.0,1.0,2.0,1.0,3.0,5.0,4.0,5.0,5.0,1.0
1.0,21574.0,806397070.0,112.0,266.0,160.0,54.0,54.0,55.0,67.0,0.0,42.0,11.0,0.0,1.0,2.0,3.0,1.0,4.0,0.0,1.0,8.0,7.0
1.0,19664.0,2132335812.0,391.0,633.0,120.0,70.0,59.0,75.0,24.0,0.0,9.0,4.0,0.0,1.0,2.0,1.0,0.0,2.0,1.0,1.0,2.0,5.0
2.0,849.0,367316268.0,27.0,21.0,157.0,54.0,75.0,60.0,30.0,0.0,7.0,5.0,0.0,1.0,1.0,0.0,2.0,1.0,5.0,6.0,1.0,6.0
1.0,2619.0,350381515.0,47.0,1.0,130.0,63.0,49.0,73.0,5.0,0.0,9.0,3.0,0.0,1.0,2.0,1.0,0.0,2.0,2.0,1.0,6.0,7.0
1.0,9037.0,1264310836.0,124.0,139.0,107.0,65.0,19.0,72.0,10.0,0.0,13.0,25.0,0.0,1.0,2.0,1.0,0.0,2.0,1.0,1.0,2.0,5.0
1.0,86.0,30343206.0,3.0,3.0,146.0,50.0,67.0,89.0,0.0,0.0,19.0,8.0,0.0,1.0,2.0,1.0,0.0,2.0,1.0,1.0,2.0,5.0
1.0,1788.0,405136812.0,1.0,19.0,139.0,48.0,37.0,41.0,32.0,0.0,10.0,10.0,0.0,1.0,2.0,1.0,0.0,5.0,4.0,0.0,7.0,7.0
1.0,15890.0,1145727611.0,71.0,653.0,116.0,74.0,76.0,70.0,7.0,0.0,13.0,3.0,0.0,1.0,1.0,0.0,2.0,1.0,4.0,6.0,6.0,6.0
1.0,492.0,540654286.0,4.0,19.0,95.0,84.0,52.0,77.0,12.0,0.0,7.0,4.0,0.0,1.0,2.0,1.0,3.0,5.0,1.0,5.0,5.0,1.0
4.0,773.0,57312735.0,20.0,21.0,170.0,62.0,55.0,80.0,15.0,0.0,37.0,7.0,0.0,0.0,0.0,2.0,4.0,0.0,2.0,2.0,0.0,2.0
1.0,1154.0,397582059.0,28.0,11.0,134.0,81.0,18.0,64.0,3.0,0.0,10.0,11.0,0.0,0.0,0.0,2.0,4.0,3.0,2.0,4.0,0.0,2.0
4.0,551.0,86773632.0,13.0,20.0,146.0,61.0,20.0,48.0,21.0,0.0,12.0,6.0,0.0,1.0,2.0,3.0,1.0,4.0,0.0,1.0,8.0,0.0
5.0,577.0,133753727.0,22.0,15.0,74.0,53.0,24.0,67.0,11.0,0.0,10.0,28.0,0.0,1.0,2.0,1.0,0.0,2.0,1.0,1.0,6.0,5.0
1.0,955.0,123124076.0,37.0,79.0,144.0,75.0,35.0,48.0,84.0,0.0,10.0,12.0,0.0,1.0,2.0,1.0,0.0,5.0,4.0,5.0,6.0,5.0
3.0,995.0,463564958.0,12.0,9.0,136.0,77.0,79.0,73.0,15.0,0.0,27.0,10.0,0.0,1.0,2.0,1.0,0.0,5.0,4.0,0.0,6.0,5.0
3.0,178.0,64533040.0,6.0,1.0,100.0,56.0,53.0,55.0,53.0,0.0,12.0,4.0,0.0,1.0,1.0,0.0,2.0,1.0,4.0,6.0,6.0,6.0
1.0,290.0,65496046.0,9.0,5.0,105.0,89.0,67.0,78.0,9.0,0.0,7.0,33.0,0.0,1.0,2.0,1.0,0.0,2.0,6.0,7.0,2.0,4.0
1.0,547.0,68616963.0,15.0,6.0,106.0,67.0,24.0,78.0,15.0,0.0,30.0,4.0,0.0,1.0,1.0,0.0,0.0,5.0,4.0,4.0,6.0,6.0
2.0,681.0,161460990.0,15.0,21.0,132.0,85.0,53.0,68.0,40.0,0.0,9.0,4.0,0.0,1.0,2.0,1.0,3.0,5.0,1.0,5.0,5.0,1.0
2.0,332.0,70106975.0,18.0,5.0,120.0,78.0,5.0,30.0,21.0,0.0,13.0,5.0,0.0,1.0,2.0,3.0,1.0,4.0,0.0,1.0,8.0,7.0
2.0,1197.0,113509496.0,44.0,25.0,155.0,82.0,51.0,39.0,2.0,0.0,9.0,49.0,0.0,1.0,1.0,0.0,2.0,5.0,4.0,0.0,4.0,6.0
2.0,262.0,89933133.0,8.0,4.0,129.0,70.0,42.0,43.0,78.0,0.0,11.0,3.0,0.0,1.0,1.0,0.0,2.0,0.0,5.0,2.0,1.0,3.0
2.0,161.0,71007139.0,10.0,2.0,135.0,80.0,85.0,74.0,62.0,0.0,8.0,9.0,0.0,1.0,2.0,3.0,1.0,5.0,0.0,0.0,7.0,7.0
2.0,185.0,43522589.0,5.0,4.0,98.0,73.0,45.0,62.0,28.0,0.0,13.0,13.0,0.0,0.0,0.0,2.0,4.0,0.0,3.0,3.0,3.0,8.0
1.0,839.0,232896922.0,20.0,20.0,124.0,84.0,64.0,39.0,3.0,0.0,11.0,4.0,0.0,1.0,2.0,3.0,1.0,4.0,0.0,0.0,8.0,0.0
3.0,259.0,37126685.0,5.0,5.0,135.0,77.0,28.0,55.0,18.0,0.0,22.0,15.0,0.0,1.0,2.0,1.0,0.0,5.0,4.0,0.0,6.0,5.0
1.0,2915.0,195576623.0,116.0,107.0,107.0,78.0,39.0,53.0,30.0,0.0,11.0,6.0,0.0,1.0,2.0,1.0,3.0,5.0,1.0,5.0,5.0,1.0
2.0,5129.0,532336353.0,116.0,114.0,96.0,54.0,25.0,74.0,14.0,0.0,9.0,11.0,0.0,1.0,2.0,1.0,0.0,2.0,1.0,1.0,2.0,5.0
2.0,3794.0,538115192.0,47.0,53.0,123.0,71.0,58.0,70.0,30.0,0.0,32.0,19.0,0.0,1.0,2.0,1.0,0.0,5.0,4.0,0.0,6.0,6.0
2.0,588.0,46142772.0,23.0,31.0,90.0,62.0,7.0,62.0,6.0,0.0,58.0,6.0,0.0,0.0,1.0,0.0,2.0,0.0,5.0,2.0,1.0,3.0
3.0,2959.0,401036314.0,41.0,38.0,117.0,72.0,45.0,59.0,14.0,0.0,20.0,21.0,0.0,1.0,2.0,1.0,0.0,5.0,1.0,0.0,4.0,5.0
2.0,291.0,127026613.0,8.0,4.0,133.0,78.0,90.0,84.0,31.0,0.0,7.0,4.0,0.0,1.0,2.0,1.0,3.0,5.0,4.0,0.0,4.0,1.0
1.0,2321.0,345031710.0,29.0,34.0,96.0,74.0,61.0,83.0,11.0,0.0,35.0,6.0,0.0,1.0,2.0,1.0,0.0,2.0,1.0,1.0,2.0,5.0
2.0,536.0,288101651.0,10.0,8.0,149.0,66.0,85.0,60.0,40.0,0.0,14.0,13.0,0.0,1.0,2.0,3.0,3.0,4.0,1.0,5.0,5.0,1.0
2.0,359.0,60350538.0,1.0,9.0,110.0,66.0,32.0,40.0,81.0,0.0,11.0,3.0,0.0,1.0,2.0,1.0,0.0,2.0,1.0,1.0,2.0,5.0
1.0,4096.0,335074782.0,118.0,143.0,105.0,95.0,62.0,52.0,3.0,0.0,5.0,16.0,0.0,1.0,1.0,3.0,1.0,1.0,0.0,6.0,8.0,0.0
1.0,349.0,76767396.0,8.0,5.0,105.0,80.0,69.0,78.0,28.0,0.0,11.0,14.0,0.0,1.0,1.0,0.0,2.0,1.0,5.0,6.0,1.0,6.0
2.0,381.0,46065667.0,23.0,6.0,134.0,76.0,61.0,58.0,6.0,0.0,16.0,3.0,0.0,1.0,2.0,3.0,1.0,4.0,0.0,0.0,7.0,7.0
1.0,2461.0,459276435.0,47.0,45.0,170.0,71.0,59.0,56.0,4.0,0.0,27.0,12.0,0.0,1.0,1.0,0.0,2.0,1.0,5.0,6.0,1.0,3.0
2.0,277.0,39666245.0,1.0,5.0,81.0,59.0,26.0,60.0,46.0,1.0,25.0,13.0,0.0,1.0,2.0,1.0,3.0,2.0,1.0,5.0,2.0,5.0
2.0,967.0,138517666.0,7.0,51.0,154.0,63.0,75.0,92.0,31.0,0.0,91.0,5.0,0.0,1.0,2.0,1.0,0.0,5.0,4.0,0.0,4.0,5.0
1.0,8186.0,822633917.0,155.0,131.0,169.0,69.0,69.0,51.0,63.0,0.0,38.0,4.0,0.0,1.0,2.0,1.0,0.0,2.0,1.0,1.0,2.0,5.0
1.0,7842.0,595900742.0,215.0,330.0,115.0,78.0,64.0,69.0,4.0,0.0,7.0,14.0,0.0,1.0,2.0,3.0,1.0,4.0,0.0,1.0,8.0,0.0
2.0,215.0,51985779.0,6.0,8.0,84.0,43.0,14.0,74.0,1.0,0.0,19.0,8.0,0.0,1.0,2.0,1.0,0.0,5.0,4.0,0.0,4.0,5.0
2.0,1134.0,57945987.0,39.0,48.0,93.0,79.0,58.0,62.0,11.0,0.0,11.0,23.0,0.0,1.0,2.0,3.0,1.0,4.0,0.0,5.0,8.0,7.0
2.0,1305.0,115010040.0,29.0,43.0,91.0,82.0,47.0,62.0,10.0,0.0,10.0,15.0,0.0,1.0,2.0,1.0,3.0,5.0,4.0,5.0,5.0,1.0
1.0,2066.0,175097833.0,58.0,43.0,142.0,82.0,54.0,44.0,6.0,0.0,33.0,7.0,0.0,1.0,1.0,0.0,2.0,1.0,5.0,6.0,1.0,6.0
2.0,896.0,57089066.0,34.0,33.0,126.0,78.0,20.0,70.0,1.0,0.0,16.0,4.0,0.0,0.0,0.0,0.0,2.0,0.0,2.0,4.0,0.0,2.0
1.0,3763.0,488386797.0,51.0,38.0,97.0,73.0,10.0,44.0,26.0,0.0,16.0,8.0,0.0,1.0,2.0,3.0,0.0,2.0,1.0,1.0,2.0,7.0
5.0,197.0,32761689.0,3.0,3.0,101.0,92.0,59.0,51.0,41.0,51.0,26.0,8.0,0.0,1.0,2.0,1.0,0.0,2.0,1.0,0.0,4.0,5.0
1.0,4004.0,1047480053.0,34.0,43.0,98.0,80.0,23.0,48.0,14.0,0.0,6.0,5.0,0.0,0.0,0.0,2.0,4.0,3.0,3.0,3.0,3.0,8.0
1.0,984.0,153454328.0,8.0,76.0,154.0,59.0,63.0,89.0,18.0,0.0,80.0,9.0,0.0,1.0,2.0,1.0,0.0,2.0,1.0,1.0,2.0,5.0
1.0,1240.0,217672943.0,51.0,63.0,120.0,91.0,63.0,58.0,52.0,0.0,31.0,22.0,0.0,1.0,2.0,1.0,3.0,5.0,4.0,5.0,5.0,1.0
1.0,3995.0,457184829.0,72.0,47.0,150.0,49.0,4.0,55.0,7.0,0.0,6.0,3.0,0.0,1.0,1.0,0.0,2.0,1.0,5.0,6.0,6.0,6.0
1.0,4427.0,726434358.0,69.0,154.0,202.0,34.0,25.0,51.0,69.0,0.0,18.0,4.0,0.0,1.0,2.0,1.0,0.0,2.0,2.0,4.0,0.0,2.0
2.0,4657.0,573633020.0,84.0,42.0,153.0,56.0,42.0,52.0,5.0,0.0,36.0,24.0,0.0,1.0,2.0,1.0,0.0,5.0,1.0,1.0,4.0,5.0
1.0,10195.0,1406111294.0,258.0,657.0,142.0,60.0,13.0,37.0,58.0,0.0,13.0,3.0,0.0,1.0,2.0,1.0,0.0,5.0,4.0,0.0,4.0,5.0
2.0,269.0,71573339.0,7.0,30.0,108.0,84.0,55.0,47.0,26.0,0.0,20.0,64.0,0.0,1.0,2.0,1.0,0.0,2.0,1.0,1.0,6.0,5.0
2.0,214.0,24975653.0,3.0,6.0,143.0,83.0,25.0,69.0,4.0,0.0,23.0,12.0,0.0,1.0,2.0,1.0,0.0,5.0,4.0,1.0,4.0,5.0
1.0,845.0,145458418.0,12.0,47.0,108.0,67.0,55.0,67.0,60.0,0.0,80.0,5.0,0.0,1.0,1.0,0.0,2.0,5.0,6.0,7.0,4.0,4.0
3.0,1267.0,231332117.0,41.0,56.0,93.0,84.0,96.0,79.0,43.0,0.0,18.0,11.0,0.0,1.0,2.0,1.0,0.0,2.0,1.0,1.0,2.0,5.0
1.0,2585.0,415932686.0,3.0,21.0,105.0,65.0,46.0,53.0,16.0,0.0,9.0,5.0,0.0,1.0,2.0,1.0,0.0,5.0,4.0,0.0,4.0,5.0
1.0,6330.0,988515741.0,109.0,158.0,170.0,44.0,27.0,32.0,89.0,0.0,14.0,5.0,0.0,1.0,1.0,0.0,2.0,5.0,4.0,0.0,4.0,6.0
3.0,675.0,50847624.0,9.0,11.0,178.0,62.0,56.0,66.0,18.0,0.0,12.0,5.0,0.0,1.0,1.0,0.0,2.0,5.0,4.0,6.0,4.0,6.0
1.0,715.0,39893489.0,37.0,27.0,176.0,50.0,44.0,76.0,10.0,0.0,32.0,5.0,0.0,1.0,2.0,1.0,0.0,2.0,1.0,1.0,2.0,5.0
2.0,327.0,92035115.0,14.0,9.0,104.0,80.0,38.0,88.0,11.0,0.0,11.0,5.0,0.0,1.0,2.0,1.0,3.0,2.0,1.0,1.0,2.0,1.0
1.0,244.0,118810253.0,6.0,10.0,85.0,70.0,83.0,84.0,31.0,0.0,47.0,30.0,0.0,0.0,0.0,2.0,4.0,3.0,3.0,3.0,3.0,8.0
2.0,385.0,77233241.0,17.0,41.0,117.0,77.0,69.0,58.0,39.0,0.0,26.0,5.0,0.0,1.0,2.0,1.0,3.0,5.0,4.0,5.0,5.0,1.0
1.0,1020.0,206399629.0,15.0,30.0,80.0,52.0,57.0,48.0,86.0,0.0,15.0,39.0,0.0,1.0,2.0,1.0,0.0,2.0,1.0,1.0,2.0,5.0
1.0,1730.0,117747907.0,46.0,51.0,98.0,44.0,36.0,41.0,50.0,0.0,38.0,5.0,0.0,1.0,2.0,1.0,0.0,2.0,2.0,4.0,0.0,2.0
2.0,2127.0,266624541.0,45.0,53.0,178.0,79.0,58.0,78.0,34.0,0.0,11.0,25.0,0.0,1.0,2.0,1.0,0.0,2.0,1.0,1.0,2.0,5.0
1.0,3242.0,293186992.0,67.0,48.0,148.0,51.0,27.0,33.0,48.0,0.0,22.0,3.0,0.0,1.0,2.0,1.0,3.0,2.0,1.0,5.0,6.0,6.0
1.0,526.0,139681964.0,15.0,30.0,120.0,77.0,94.0,66.0,65.0,0.0,38.0,3.0,0.0,1.0,2.0,1.0,0.0,2.0,1.0,1.0,6.0,5.0
1.0,366.0,123132751.0,16.0,7.0,122.0,68.0,38.0,88.0,1.0,0.0,8.0,5.0,0.0,1.0,2.0,3.0,1.0,4.0,0.0,1.0,8.0,0.0
1.0,472.0,103762518.0,0.0,6.0,144.0,74.0,75.0,73.0,42.0,0.0,9.0,4.0,0.0,1.0,2.0,3.0,1.0,4.0,0.0,1.0,8.0,0.0
2.0,432.0,162887075.0,8.0,12.0,96.0,93.0,47.0,47.0,33.0,0.0,10.0,36.0,0.0,1.0,2.0,1.0,0.0,2.0,2.0,4.0,0.0,2.0
1.0,271.0,91221625.0,16.0,9.0,137.0,77.0,35.0,88.0,16.0,0.0,17.0,9.0,0.0,1.0,2.0,1.0,3.0,5.0,4.0,5.0,5.0,1.0
1.0,816.0,190490915.0,21.0,13.0,121.0,94.0,71.0,61.0,12.0,0.0,53.0,42.0,0.0,1.0,2.0,1.0,0.0,5.0,4.0,1.0,6.0,5.0
2.0,1169.0,96180277.0,36.0,28.0,119.0,60.0,10.0,57.0,1.0,0.0,50.0,3.0,0.0,1.0,2.0,3.0,1.0,4.0,0.0,0.0,8.0,7.0
1.0,1282.0,185240616.0,26.0,19.0,96.0,72.0,40.0,47.0,71.0,0.0,13.0,4.0,0.0,1.0,2.0,1.0,3.0,5.0,6.0,7.0,4.0,4.0
1.0,6587.0,885093467.0,114.0,147.0,111.0,87.0,53.0,52.0,66.0,1.0,11.0,5.0,0.0,0.0,0.0,2.0,4.0,3.0,2.0,4.0,0.0,2.0
2.0,1444.0,104992946.0,0.0,0.0,148.0,90.0,74.0,68.0,14.0,0.0,10.0,19.0,0.0,1.0,2.0,1.0,3.0,2.0,1.0,5.0,2.0,5.0
2.0,356.0,147290338.0,4.0,4.0,182.0,57.0,80.0,59.0,8.0,0.0,6.0,5.0,0.0,0.0,0.0,2.0,4.0,3.0,3.0,3.0,0.0,8.0
1.0,10147.0,1302184087.0,234.0,543.0,141.0,79.0,82.0,86.0,28.0,0.0,4.0,9.0,0.0,1.0,1.0,0.0,2.0,1.0,5.0,6.0,1.0,6.0
2.0,265.0,158950978.0,8.0,5.0,145.0,76.0,80.0,81.0,19.0,0.0,6.0,9.0,0.0,1.0,2.0,1.0,0.0,5.0,4.0,1.0,6.0,5.0
2.0,351.0,76910644.0,16.0,10.0,110.0,76.0,26.0,70.0,1.0,0.0,41.0,6.0,0.0,1.0,2.0,1.0,0.0,2.0,1.0,1.0,2.0,5.0
1.0,158.0,137123880.0,5.0,1.0,134.0,70.0,35.0,41.0,41.0,0.0,10.0,3.0,0.0,1.0,1.0,0.0,2.0,1.0,5.0,6.0,1.0,6.0
1.0,7613.0,782369383.0,180.0,422.0,130.0,92.0,78.0,62.0,18.0,0.0,6.0,10.0,0.0,1.0,2.0,1.0,0.0,2.0,1.0,1.0,2.0,5.0
1.0,3956.0,502574952.0,142.0,127.0,145.0,84.0,88.0,53.0,35.0,0.0,8.0,7.0,0.0,1.0,2.0,1.0,3.0,5.0,1.0,5.0,5.0,1.0
3.0,1638.0,207033255.0,0.0,21.0,130.0,69.0,36.0,90.0,1.0,10.0,15.0,4.0,0.0,1.0,2.0,1.0,0.0,2.0,1.0,1.0,6.0,5.0
1.0,924.0,404887295.0,17.0,22.0,173.0,59.0,69.0,53.0,12.0,0.0,23.0,3.0,0.0,1.0,2.0,1.0,3.0,2.0,1.0,5.0,2.0,5.0
1.0,1985.0,381161027.0,34.0,37.0,92.0,75.0,55.0,76.0,25.0,0.0,10.0,15.0,0.0,1.0,2.0,1.0,0.0,2.0,1.0,1.0,2.0,5.0
1.0,6339.0,466231982.0,3.0,36.0,105.0,56.0,57.0,87.0,0.0,1.0,10.0,4.0,0.0,0.0,0.0,2.0,4.0,0.0,2.0,4.0,0.0,2.0
1.0,1561.0,357580552.0,18.0,24.0,175.0,59.0,15.0,64.0,43.0,90.0,12.0,10.0,0.0,1.0,2.0,3.0,1.0,4.0,0.0,1.0,8.0,7.0
2.0,875.0,61105704.0,17.0,27.0,120.0,80.0,33.0,70.0,22.0,0.0,9.0,4.0,0.0,1.0,1.0,0.0,2.0,0.0,5.0,4.0,0.0,6.0
2.0,406.0,198275403.0,3.0,2.0,139.0,70.0,77.0,48.0,37.0,0.0,12.0,5.0,0.0,0.0,0.0,2.0,4.0,0.0,2.0,4.0,0.0,2.0
1.0,340.0,168448603.0,4.0,16.0,132.0,59.0,56.0,82.0,12.0,0.0,12.0,6.0,0.0,1.0,1.0,0.0,2.0,1.0,6.0,6.0,1.0,4.0
2.0,4188.0,705469769.0,30.0,142.0,114.0,32.0,17.0,74.0,14.0,0.0,17.0,3.0,0.0,1.0,1.0,0.0,2.0,1.0,5.0,6.0,1.0,6.0
2.0,105.0,34502215.0,5.0,5.0,145.0,54.0,19.0,48.0,36.0,0.0,37.0,5.0,0.0,1.0,2.0,1.0,0.0,2.0,1.0,1.0,2.0,9.0
1.0,1524.0,482175240.0,53.0,62.0,110.0,82.0,67.0,69.0,0.0,0.0,18.0,4.0,0.0,1.0,2.0,1.0,0.0,2.0,1.0,1.0,2.0,5.0
2.0,2651.0,304118600.0,21.0,32.0,94.0,89.0,61.0,66.0,17.0,0.0,36.0,16.0,0.0,1.0,1.0,0.0,2.0,5.0,4.0,0.0,6.0,6.0
1.0,11087.0,1449799467.0,151.0,801.0,134.0,45.0,17.0,60.0,21.0,0.0,33.0,4.0,0.0,1.0,2.0,1.0,3.0,5.0,4.0,5.0,5.0,1.0
1.0,373.0,173627354.0,4.0,5.0,120.0,62.0,32.0,76.0,0.0,0.0,39.0,4.0,0.0,1.0,2.0,1.0,0.0,2.0,1.0,1.0,2.0,5.0
2.0,200.0,90025258.0,8.0,2.0,123.0,70.0,86.0,68.0,24.0,0.0,11.0,4.0,0.0,1.0,2.0,1.0,0.0,2.0,1.0,5.0,2.0,5.0
2.0,3741.0,652704649.0,156.0,110.0,131.0,77.0,84.0,71.0,35.0,0.0,15.0,4.0,0.0,1.0,2.0,1.0,0.0,5.0,4.0,4.0,4.0,2.0
3.0,1208.0,146409671.0,10.0,20.0,94.0,82.0,53.0,67.0,34.0,0.0,9.0,8.0,0.0,1.0,2.0,1.0,0.0,2.0,1.0,1.0,2.0,5.0
2.0,209.0,95816024.0,4.0,11.0,89.0,73.0,44.0,57.0,39.0,0.0,32.0,6.0,0.0,1.0,2.0,1.0,0.0,2.0,1.0,1.0,2.0,5.0
1.0,1235.0,117206995.0,20.0,15.0,87.0,65.0,71.0,56.0,4.0,0.0,15.0,20.0,0.0,1.0,2.0,1.0,3.0,5.0,1.0,5.0,2.0,1.0
2.0,654.0,100409613.0,11.0,18.0,124.0,72.0,79.0,78.0,55.0,0.0,15.0,30.0,0.0,1.0,1.0,3.0,1.0,4.0,0.0,6.0,8.0,0.0
2.0,1479.0,80758350.0,23.0,18.0,78.0,71.0,80.0,65.0,51.0,0.0,22.0,32.0,0.0,1.0,1.0,0.0,2.0,1.0,5.0,6.0,1.0,6.0
2.0,4942.0,325592432.0,190.0,147.0,120.0,70.0,70.0,79.0,7.0,0.0,18.0,10.0,0.0,1.0,2.0,1.0,0.0,2.0,1.0,1.0,2.0,5.0
2.0,709.0,58473276.0,8.0,13.0,96.0,48.0,50.0,80.0,40.0,0.0,37.0,20.0,0.0,1.0,1.0,0.0,2.0,1.0,5.0,6.0,1.0,6.0
1.0,660.0,52722996.0,22.0,11.0,106.0,73.0,22.0,86.0,31.0,0.0,12.0,4.0,0.0,1.0,2.0,1.0,0.0,2.0,1.0,1.0,2.0,5.0
1.0,489.0,191945597.0,4.0,5.0,170.0,78.0,75.0,46.0,62.0,0.0,12.0,35.0,0.0,1.0,2.0,1.0,0.0,2.0,1.0,1.0,2.0,5.0
2.0,407.0,77377503.0,16.0,5.0,134.0,67.0,11.0,76.0,8.0,47.0,30.0,7.0,0.0,1.0,2.0,1.0,0.0,5.0,4.0,0.0,4.0,5.0
1.0,7461.0,743693613.0,166.0,199.0,115.0,71.0,90.0,73.0,30.0,0.0,11.0,5.0,0.0,1.0,2.0,3.0,1.0,4.0,0.0,0.0,8.0,0.0
1.0,993.0,267789608.0,30.0,88.0,130.0,74.0,79.0,87.0,45.0,0.0,30.0,3.0,0.0,1.0,1.0,0.0,2.0,1.0,5.0,6.0,1.0,6.0
2.0,9161.0,1221813483.0,240.0,468.0,118.0,65.0,63.0,79.0,3.0,0.0,10.0,3.0,0.0,1.0,1.0,0.0,2.0,1.0,5.0,6.0,1.0,3.0
1.0,3282.0,449701773.0,67.0,46.0,110.0,59.0,22.0,38.0,42.0,0.0,12.0,3.0,0.0,1.0,2.0,3.0,1.0,4.0,0.0,1.0,8.0,7.0
1.0,596.0,67070410.0,29.0,12.0,100.0,72.0,42.0,66.0,18.0,4.0,19.0,4.0,0.0,1.0,2.0,1.0,3.0,2.0,1.0,5.0,2.0,1.0
2.0,320.0,116334601.0,5.0,2.0,142.0,70.0,76.0,79.0,26.0,0.0,11.0,7.0,0.0,1.0,2.0,1.0,0.0,5.0,4.0,4.0,6.0,2.0
1.0,2612.0,433356509.0,19.0,21.0,140.0,64.0,18.0,37.0,72.0,0.0,12.0,7.0,0.0,1.0,2.0,1.0,0.0,2.0,1.0,1.0,2.0,5.0
1.0,2040.0,165584767.0,81.0,66.0,116.0,90.0,96.0,73.0,62.0,0.0,9.0,4.0,0.0,1.0,2.0,1.0,3.0,5.0,4.0,0.0,4.0,1.0
1.0,2128.0,367814306.0,37.0,9.0,120.0,73.0,64.0,85.0,25.0,0.0,61.0,3.0,0.0,1.0,2.0,1.0,0.0,2.0,1.0,1.0,2.0,5.0
2.0,2598.0,477033549.0,28.0,43.0,92.0,76.0,46.0,79.0,31.0,0.0,7.0,6.0,0.0,1.0,1.0,0.0,2.0,5.0,4.0,6.0,4.0,6.0
1.0,542.0,156214700.0,23.0,21.0,110.0,81.0,64.0,79.0,5.0,0.0,31.0,3.0,0.0,1.0,2.0,1.0,3.0,2.0,1.0,5.0,2.0,5.0
1.0,2459.0,448843705.0,20.0,50.0,120.0,71.0,57.0,97.0,1.0,0.0,13.0,11.0,0.0,1.0,2.0,1.0,0.0,2.0,1.0,1.0,2.0,5.0
2.0,10624.0,1357608774.0,21.0,386.0,80.0,63.0,40.0,61.0,9.0,0.0,56.0,6.0,0.0,1.0,2.0,1.0,0.0,2.0,2.0,4.0,6.0,2.0
2.0,2418.0,294352144.0,52.0,55.0,115.0,95.0,43.0,69.0,47.0,0.0,9.0,31.0,0.0,1.0,2.0,1.0,0.0,2.0,4.0,1.0,6.0,5.0
1.0,7536.0,972164968.0,44.0,135.0,76.0,58.0,46.0,67.0,65.0,0.0,13.0,4.0,0.0,1.0,1.0,0.0,2.0,1.0,5.0,6.0,1.0,6.0
1.0,10431.0,920045682.0,71.0,181.0,172.0,60.0,77.0,78.0,45.0,0.0,12.0,6.0,0.0,1.0,1.0,3.0,1.0,1.0,0.0,6.0,8.0,0.0
1.0,1640.0,244658767.0,27.0,29.0,150.0,90.0,64.0,14.0,67.0,35.0,11.0,10.0,0.0,1.0,2.0,1.0,3.0,5.0,1.0,5.0,5.0,1.0
1.0,34.0,68216992.0,0.0,0.0,92.0,71.0,41.0,31.0,79.0,0.0,10.0,5.0,0.0,0.0,0.0,2.0,4.0,3.0,2.0,4.0,7.0,2.0
5.0,1845.0,223582566.0,20.0,30.0,95.0,77.0,72.0,87.0,17.0,0.0,7.0,5.0,0.0,1.0,2.0,1.0,0.0,2.0,1.0,1.0,2.0,5.0
3.0,3301.0,471819764.0,72.0,64.0,102.0,83.0,58.0,83.0,21.0,0.0,10.0,5.0,0.0,1.0,1.0,0.0,2.0,1.0,5.0,6.0,1.0,6.0
1.0,1911.0,272377463.0,23.0,14.0,145.0,70.0,34.0,55.0,43.0,0.0,16.0,6.0,0.0,1.0,1.0,0.0,2.0,5.0,2.0,4.0,6.0,2.0
2.0,1529.0,149778242.0,32.0,39.0,95.0,64.0,30.0,77.0,46.0,0.0,38.0,6.0,0.0,1.0,2.0,1.0,3.0,5.0,4.0,5.0,4.0,1.0
2.0,615.0,116599790.0,22.0,8.0,94.0,68.0,81.0,82.0,53.0,0.0,9.0,13.0,0.0,1.0,2.0,1.0,0.0,5.0,4.0,0.0,4.0,5.0
1.0,811.0,148469433.0,11.0,5.0,142.0,61.0,92.0,91.0,0.0,0.0,26.0,3.0,0.0,1.0,2.0,1.0,0.0,2.0,1.0,1.0,2.0,5.0
2.0,5730.0,497225336.0,108.0,197.0,145.0,59.0,20.0,74.0,1.0,0.0,15.0,5.0,0.0,1.0,1.0,0.0,2.0,1.0,4.0,6.0,6.0,6.0
1.0,356.0,88791109.0,4.0,0.0,121.0,64.0,67.0,80.0,0.0,0.0,36.0,3.0,0.0,1.0,2.0,1.0,0.0,5.0,2.0,4.0,6.0,2.0
1.0,604.0,125917280.0,22.0,0.0,140.0,66.0,43.0,76.0,49.0,0.0,12.0,3.0,0.0,1.0,2.0,1.0,0.0,5.0,4.0,4.0,6.0,2.0
3.0,1190.0,105062254.0,29.0,18.0,137.0,84.0,44.0,67.0,8.0,0.0,11.0,6.0,0.0,1.0,1.0,0.0,2.0,5.0,4.0,6.0,4.0,6.0
1.0,579.0,95623148.0,11.0,0.0,104.0,56.0,72.0,85.0,0.0,0.0,15.0,3.0,0.0,1.0,2.0,3.0,1.0,4.0,0.0,0.0,7.0,7.0
1.0,1553.0,144584800.0,61.0,48.0,92.0,57.0,68.0,76.0,7.0,0.0,33.0,3.0,0.0,1.0,2.0,1.0,3.0,2.0,1.0,5.0,2.0,1.0
1.0,2301.0,298063749.0,49.0,110.0,146.0,74.0,51.0,45.0,86.0,0.0,21.0,38.0,0.0,1.0,2.0,1.0,0.0,5.0,4.0,0.0,4.0,5.0
1.0,134.0,166570053.0,4.0,0.0,120.0,56.0,20.0,43.0,89.0,0.0,12.0,4.0,0.0,1.0,2.0,1.0,0.0,2.0,1.0,1.0,2.0,5.0
1.0,430.0,83021468.0,15.0,0.0,144.0,68.0,83.0,81.0,9.0,0.0,8.0,4.0,0.0,1.0,2.0,1.0,0.0,2.0,1.0,1.0,2.0,5.0
2.0,86.0,139836056.0,11.0,0.0,94.0,59.0,44.0,56.0,80.0,0.0,6.0,3.0,0.0,1.0,2.0,1.0,0.0,2.0,1.0,1.0,2.0,5.0
1.0,629.0,303216294.0,32.0,9.0,94.0,73.0,65.0,79.0,5.0,2.0,11.0,6.0,0.0,1.0,2.0,1.0,0.0,2.0,4.0,1.0,6.0,5.0
2.0,1701.0,221409663.0,30.0,34.0,113.0,79.0,66.0,74.0,8.0,0.0,11.0,5.0,0.0,1.0,1.0,0.0,2.0,1.0,5.0,2.0,1.0,3.0
2.0,329.0,58890931.0,14.0,1.0,148.0,50.0,49.0,76.0,12.0,0.0,12.0,3.0,0.0,1.0,2.0,1.0,0.0,5.0,4.0,0.0,4.0,2.0
1.0,1168.0,81419389.0,45.0,20.0,98.0,70.0,29.0,73.0,12.0,0.0,11.0,26.0,0.0,1.0,2.0,1.0,3.0,5.0,4.0,5.0,5.0,1.0
1.0,162.0,156777415.0,1.0,1.0,140.0,58.0,26.0,38.0,91.0,0.0,10.0,4.0,0.0,0.0,0.0,2.0,0.0,2.0,2.0,4.0,0.0,2.0
1.0,2536.0,284908316.0,59.0,58.0,100.0,36.0,28.0,28.0,81.0,0.0,18.0,3.0,0.0,1.0,2.0,1.0,0.0,2.0,1.0,1.0,2.0,5.0
2.0,387.0,93438910.0,11.0,14.0,140.0,86.0,68.0,79.0,39.0,0.0,11.0,29.0,0.0,0.0,0.0,2.0,4.0,3.0,2.0,4.0,0.0,2.0
1.0,892.0,363472647.0,20.0,12.0,100.0,59.0,78.0,94.0,27.0,0.0,29.0,23.0,0.0,1.0,2.0,1.0,3.0,2.0,1.0,1.0,2.0,9.0
1.0,3909.0,372476382.0,66.0,277.0,100.0,59.0,49.0,65.0,2.0,0.0,13.0,3.0,0.0,1.0,2.0,1.0,0.0,5.0,4.0,0.0,4.0,0.0
2.0,3645.0,380726517.0,118.0,150.0,132.0,87.0,82.0,70.0,42.0,0.0,21.0,5.0,0.0,0.0,0.0,2.0,4.0,0.0,2.0,4.0,0.0,2.0
1.0,282.0,56533272.0,6.0,0.0,142.0,49.0,48.0,67.0,10.0,0.0,26.0,3.0,0.0,1.0,2.0,1.0,3.0,5.0,1.0,5.0,5.0,1.0
1.0,888.0,175399345.0,11.0,7.0,176.0,72.0,96.0,63.0,25.0,0.0,21.0,7.0,0.0,1.0,2.0,3.0,1.0,4.0,0.0,0.0,7.0,7.0
1.0,968.0,203221468.0,16.0,1.0,140.0,53.0,51.0,70.0,49.0,0.0,14.0,3.0,0.0,1.0,2.0,1.0,3.0,2.0,1.0,1.0,2.0,1.0
1.0,531.0,134294498.0,20.0,71.0,135.0,81.0,97.0,77.0,75.0,0.0,35.0,3.0,0.0,0.0,1.0,0.0,2.0,0.0,5.0,2.0,1.0,3.0
1.0,242.0,70069745.0,12.0,13.0,128.0,82.0,61.0,59.0,30.0,0.0,12.0,4.0,0.0,1.0,2.0,1.0,0.0,2.0,1.0,1.0,2.0,9.0
2.0,5281.0,609293408.0,94.0,80.0,101.0,74.0,43.0,69.0,12.0,0.0,12.0,7.0,0.0,1.0,2.0,1.0,0.0,2.0,1.0,1.0,2.0,5.0
1.0,2590.0,671365962.0,20.0,35.0,122.0,88.0,43.0,50.0,7.0,0.0,14.0,5.0,0.0,1.0,2.0,1.0,0.0,2.0,1.0,1.0,2.0,5.0
1.0,1769.0,362361576.0,16.0,21.0,105.0,76.0,49.0,56.0,80.0,12.0,10.0,13.0,0.0,1.0,2.0,3.0,1.0,4.0,0.0,0.0,8.0,0.0
2.0,454.0,93587665.0,6.0,21.0,83.0,53.0,40.0,36.0,73.0,0.0,11.0,33.0,0.0,1.0,1.0,0.0,2.0,5.0,6.0,7.0,4.0,4.0
4.0,6180.0,1223481149.0,122.0,580.0,77.0,72.0,59.0,76.0,24.0,0.0,42.0,28.0,0.0,1.0,2.0,1.0,3.0,5.0,1.0,5.0,5.0,1.0
1.0,3600.0,1022258230.0,7.0,203.0,140.0,75.0,18.0,25.0,78.0,0.0,11.0,26.0,0.0,0.0,0.0,2.0,4.0,3.0,3.0,3.0,3.0,8.0
2.0,1254.0,263453310.0,26.0,73.0,158.0,65.0,72.0,95.0,31.0,0.0,92.0,5.0,0.0,0.0,1.0,0.0,2.0,5.0,4.0,0.0,4.0,3.0
2.0,6398.0,1435127549.0,177.0,305.0,176.0,75.0,43.0,65.0,15.0,0.0,11.0,32.0,0.0,1.0,1.0,0.0,2.0,5.0,4.0,0.0,4.0,6.0
2.0,660.0,236857112.0,19.0,18.0,98.0,73.0,88.0,57.0,56.0,0.0,5.0,2.0,0.0,1.0,2.0,1.0,3.0,5.0,4.0,5.0,6.0,1.0
1.0,1283.0,147538971.0,57.0,48.0,107.0,66.0,47.0,40.0,72.0,0.0,11.0,3.0,0.0,1.0,2.0,3.0,1.0,4.0,0.0,1.0,8.0,0.0
1.0,8084.0,698086140.0,45.0,218.0,109.0,66.0,16.0,57.0,10.0,1.0,12.0,3.0,0.0,1.0,1.0,0.0,2.0,5.0,4.0,6.0,6.0,6.0
1.0,2332.0,723894473.0,0.0,25.0,109.0,84.0,72.0,74.0,10.0,0.0,34.0,7.0,0.0,1.0,1.0,0.0,2.0,1.0,5.0,6.0,1.0,3.0
1.0,203.0,34450974.0,5.0,0.0,148.0,53.0,61.0,81.0,5.0,0.0,36.0,4.0,0.0,1.0,1.0,0.0,2.0,5.0,4.0,6.0,4.0,6.0
1.0,685.0,403097450.0,24.0,9.0,158.0,60.0,52.0,76.0,17.0,0.0,19.0,5.0,0.0,1.0,2.0,3.0,1.0,4.0,0.0,5.0,7.0,7.0
2.0,2460.0,309483971.0,53.0,56.0,94.0,74.0,64.0,73.0,6.0,0.0,10.0,6.0,0.0,1.0,2.0,1.0,3.0,2.0,1.0,5.0,2.0,5.0
1.0,288.0,319566866.0,11.0,1.0,96.0,70.0,40.0,51.0,35.0,0.0,10.0,4.0,0.0,1.0,2.0,1.0,0.0,5.0,4.0,0.0,4.0,5.0
1.0,4572.0,909001996.0,74.0,85.0,100.0,80.0,29.0,67.0,29.0,0.0,12.0,3.0,0.0,1.0,2.0,3.0,1.0,4.0,0.0,0.0,8.0,0.0
2.0,6127.0,1061966512.0,0.0,0.0,105.0,58.0,42.0,68.0,1.0,0.0,14.0,4.0,0.0,0.0,0.0,2.0,4.0,0.0,2.0,4.0,0.0,2.0
1.0,166.0,32526947.0,2.0,0.0,125.0,53.0,32.0,66.0,38.0,0.0,9.0,3.0,0.0,1.0,2.0,1.0,0.0,2.0,1.0,1.0,2.0,7.0
1.0,1838.0,124988687.0,105.0,114.0,170.0,56.0,56.0,63.0,13.0,0.0,19.0,27.0,0.0,0.0,0.0,2.0,4.0,0.0,3.0,3.0,3.0,8.0
3.0,1890.0,103787664.0,86.0,49.0,115.0,70.0,84.0,90.0,17.0,0.0,41.0,6.0,0.0,1.0,1.0,0.0,2.0,1.0,5.0,6.0,1.0,6.0
1.0,2098.0,134255790.0,88.0,101.0,122.0,64.0,25.0,89.0,0.0,0.0,15.0,9.0,0.0,1.0,2.0,3.0,1.0,4.0,0.0,0.0,8.0,0.0
1.0,761.0,301051721.0,23.0,11.0,105.0,88.0,82.0,80.0,8.0,0.0,11.0,8.0,0.0,0.0,0.0,2.0,4.0,3.0,3.0,3.0,3.0,8.0
1.0,1225.0,156338624.0,27.0,28.0,133.0,66.0,74.0,84.0,25.0,0.0,21.0,4.0,0.0,1.0,2.0,1.0,0.0,5.0,4.0,0.0,4.0,6.0
2.0,415.0,152850295.0,15.0,21.0,100.0,79.0,60.0,68.0,7.0,0.0,26.0,4.0,0.0,0.0,0.0,2.0,4.0,3.0,3.0,3.0,3.0,8.0
1.0,3469.0,309653982.0,71.0,31.0,120.0,82.0,55.0,45.0,15.0,3.0,9.0,10.0,0.0,1.0,2.0,1.0,0.0,5.0,4.0,0.0,6.0,5.0
1.0,3311.0,297328960.0,129.0,212.0,177.0,25.0,17.0,30.0,90.0,0.0,13.0,3.0,0.0,1.0,1.0,0.0,2.0,1.0,5.0,6.0,1.0,6.0
1.0,2616.0,332506354.0,113.0,208.0,142.0,64.0,31.0,72.0,15.0,0.0,9.0,5.0,0.0,0.0,0.0,2.0,3.0,0.0,2.0,5.0,5.0,1.0
1.0,3006.0,480507035.0,47.0,87.0,144.0,57.0,47.0,84.0,1.0,1.0,52.0,4.0,0.0,0.0,0.0,2.0,4.0,3.0,3.0,3.0,3.0,8.0
2.0,4260.0,1065580332.0,113.0,259.0,120.0,65.0,80.0,86.0,9.0,0.0,19.0,10.0,0.0,0.0,0.0,2.0,4.0,3.0,2.0,4.0,0.0,2.0
1.0,482.0,122763672.0,9.0,12.0,135.0,92.0,73.0,51.0,55.0,0.0,15.0,6.0,0.0,1.0,1.0,0.0,2.0,1.0,4.0,6.0,6.0,6.0
1.0,4013.0,445763624.0,107.0,750.0,107.0,81.0,82.0,78.0,38.0,0.0,12.0,4.0,0.0,0.0,0.0,1.0,0.0,2.0,2.0,4.0,0.0,2.0
6.0,138.0,1365184.0,13.0,2.0,105.0,82.0,62.0,74.0,10.0,0.0,33.0,7.0,0.0,1.0,1.0,0.0,2.0,1.0,5.0,6.0,6.0,6.0
2.0,1368.0,184308753.0,12.0,11.0,108.0,44.0,38.0,77.0,9.0,0.0,9.0,20.0,0.0,1.0,1.0,0.0,2.0,1.0,5.0,6.0,6.0,6.0
1.0,17852.0,789753877.0,69.0,335.0,147.0,51.0,62.0,79.0,22.0,13.0,14.0,3.0,0.0,1.0,2.0,1.0,0.0,2.0,1.0,1.0,2.0,5.0
3.0,889.0,323358833.0,11.0,35.0,115.0,71.0,34.0,88.0,16.0,0.0,44.0,4.0,0.0,0.0,0.0,2.0,4.0,0.0,2.0,2.0,0.0,2.0
2.0,4796.0,606361689.0,124.0,212.0,174.0,70.0,57.0,64.0,23.0,0.0,8.0,32.0,0.0,0.0,0.0,2.0,2.0,0.0,2.0,2.0,0.0,3.0
3.0,658.0,120972253.0,33.0,53.0,90.0,68.0,83.0,71.0,3.0,0.0,31.0,8.0,0.0,0.0,1.0,0.0,2.0,0.0,5.0,2.0,1.0,3.0
1.0,3009.0,338564981.0,68.0,65.0,141.0,41.0,9.0,25.0,84.0,1.0,14.0,4.0,0.0,0.0,0.0,2.0,4.0,3.0,2.0,4.0,0.0,2.0
1.0,6170.0,1301799902.0,82.0,231.0,92.0,47.0,25.0,43.0,62.0,0.0,32.0,3.0,0.0,0.0,1.0,0.0,2.0,0.0,5.0,2.0,1.0,3.0
6.0,130.0,140187018.0,21.0,2.0,116.0,77.0,65.0,80.0,6.0,0.0,15.0,4.0,0.0,0.0,0.0,2.0,2.0,0.0,2.0,4.0,0.0,2.0
1.0,359.0,107642809.0,12.0,13.0,125.0,71.0,83.0,89.0,1.0,0.0,17.0,9.0,0.0,1.0,2.0,1.0,3.0,2.0,1.0,5.0,2.0,1.0
1.0,1963.0,551305895.0,57.0,77.0,90.0,80.0,71.0,69.0,2.0,0.0,27.0,10.0,0.0,1.0,1.0,0.0,2.0,0.0,5.0,2.0,1.0,3.0
3.0,5491.0,556585270.0,128.0,75.0,83.0,46.0,34.0,64.0,31.0,0.0,7.0,34.0,0.0,0.0,0.0,2.0,4.0,0.0,2.0,4.0,0.0,2.0
1.0,1776.0,646886885.0,1.0,3.0,140.0,58.0,4.0,60.0,7.0,41.0,8.0,3.0,0.0,1.0,1.0,0.0,2.0,5.0,4.0,0.0,4.0,6.0
2.0,1473.0,222612678.0,27.0,66.0,154.0,64.0,61.0,91.0,15.0,0.0,72.0,4.0,0.0,1.0,1.0,0.0,2.0,1.0,5.0,6.0,1.0,6.0
2.0,13315.0,1814349763.0,300.0,690.0,150.0,74.0,89.0,70.0,2.0,0.0,5.0,6.0,0.0,0.0,0.0,2.0,3.0,0.0,2.0,5.0,5.0,1.0
1.0,4057.0,872137015.0,78.0,240.0,186.0,41.0,9.0,61.0,2.0,0.0,12.0,5.0,0.0,1.0,2.0,1.0,3.0,2.0,1.0,5.0,2.0,5.0
1.0,3045.0,571386359.0,43.0,134.0,166.0,40.0,23.0,48.0,5.0,0.0,12.0,3.0,0.0,1.0,1.0,0.0,2.0,0.0,5.0,2.0,1.0,3.0
2.0,3006.0,304079786.0,54.0,66.0,107.0,87.0,20.0,83.0,0.0,4.0,31.0,9.0,0.0,0.0,1.0,0.0,2.0,0.0,5.0,2.0,1.0,3.0
3.0,852.0,174006928.0,14.0,50.0,87.0,87.0,52.0,52.0,31.0,0.0,28.0,24.0,0.0,1.0,2.0,1.0,0.0,2.0,1.0,1.0,2.0,5.0
1.0,2163.0,284785823.0,72.0,58.0,82.0,40.0,39.0,64.0,21.0,0.0,7.0,7.0,0.0,0.0,0.0,2.0,4.0,3.0,2.0,4.0,0.0,2.0
1.0,1484.0,163284000.0,22.0,12.0,114.0,46.0,60.0,28.0,91.0,0.0,21.0,4.0,0.0,1.0,1.0,0.0,2.0,1.0,5.0,6.0,1.0,6.0
1.0,1703.0,246390068.0,38.0,36.0,148.0,47.0,15.0,52.0,38.0,13.0,29.0,5.0,0.0,1.0,1.0,0.0,2.0,1.0,5.0,6.0,1.0,6.0
1.0,4169.0,482257456.0,57.0,183.0,140.0,91.0,97.0,57.0,38.0,0.0,40.0,29.0,0.0,1.0,2.0,1.0,0.0,2.0,1.0,1.0,2.0,5.0
1.0,1054.0,168684524.0,9.0,15.0,101.0,90.0,76.0,81.0,15.0,24.0,33.0,6.0,0.0,0.0,0.0,2.0,4.0,0.0,5.0,2.0,0.0,3.0
3.0,2849.0,78489819.0,39.0,27.0,140.0,81.0,6.0,84.0,5.0,23.0,6.0,6.0,0.0,1.0,1.0,0.0,2.0,1.0,0.0,6.0,8.0,0.0
3.0,1602.0,195516622.0,12.0,12.0,88.0,49.0,24.0,66.0,19.0,0.0,18.0,29.0,0.0,1.0,1.0,0.0,2.0,1.0,5.0,6.0,6.0,6.0
1.0,9644.0,1260594497.0,120.0,164.0,180.0,64.0,44.0,65.0,28.0,0.0,14.0,12.0,0.0,0.0,1.0,0.0,2.0,0.0,5.0,2.0,1.0,3.0
1.0,4827.0,428685680.0,104.0,76.0,133.0,95.0,91.0,89.0,6.0,0.0,31.0,24.0,0.0,1.0,2.0,1.0,0.0,5.0,1.0,0.0,4.0,5.0
1.0,21811.0,1024858327.0,117.0,676.0,108.0,63.0,20.0,55.0,72.0,0.0,6.0,6.0,0.0,0.0,1.0,0.0,2.0,0.0,2.0,4.0,0.0,2.0
1.0,168.0,838586769.0,0.0,5.0,80.0,39.0,24.0,43.0,39.0,0.0,23.0,3.0,0.0,1.0,1.0,0.0,2.0,1.0,5.0,6.0,1.0,6.0
1.0,688.0,199386237.0,14.0,17.0,75.0,80.0,46.0,62.0,3.0,6.0,11.0,46.0,0.0,1.0,2.0,1.0,3.0,5.0,4.0,5.0,6.0,1.0
2.0,10565.0,972509632.0,238.0,557.0,121.0,67.0,26.0,64.0,52.0,0.0,17.0,10.0,0.0,1.0,2.0,1.0,0.0,2.0,1.0,0.0,2.0,5.0
2.0,1612.0,213438580.0,34.0,34.0,140.0,58.0,17.0,62.0,18.0,0.0,20.0,8.0,0.0,1.0,2.0,1.0,0.0,2.0,1.0,1.0,2.0,5.0
1.0,12755.0,1555511105.0,344.0,945.0,126.0,81.0,59.0,90.0,5.0,0.0,36.0,3.0,0.0,1.0,1.0,0.0,2.0,1.0,5.0,6.0,1.0,3.0
1.0,574.0,210038833.0,38.0,26.0,102.0,58.0,29.0,94.0,0.0,0.0,9.0,11.0,0.0,1.0,2.0,1.0,0.0,5.0,2.0,4.0,0.0,2.0
1.0,2499.0,227918678.0,70.0,49.0,82.0,70.0,31.0,34.0,60.0,1.0,11.0,4.0,0.0,1.0,2.0,1.0,0.0,2.0,1.0,1.0,2.0,5.0
1.0,10426.0,826623384.0,133.0,182.0,121.0,46.0,53.0,78.0,23.0,0.0,72.0,6.0,0.0,1.0,2.0,1.0,0.0,5.0,4.0,0.0,4.0,5.0
2.0,15894.0,1802514301.0,198.0,544.0,103.0,70.0,92.0,83.0,1.0,0.0,7.0,6.0,0.0,1.0,1.0,0.0,2.0,1.0,5.0,6.0,1.0,6.0
1.0,9424.0,1329090101.0,202.0,463.0,108.0,82.0,88.0,76.0,9.0,0.0,12.0,9.0,0.0,1.0,2.0,1.0,3.0,5.0,4.0,5.0,6.0,1.0
1.0,713.0,181831132.0,2.0,6.0,85.0,65.0,36.0,47.0,31.0,0.0,12.0,10.0,0.0,1.0,2.0,1.0,0.0,5.0,4.0,0.0,4.0,5.0
2.0,7758.0,462791599.0,173.0,175.0,125.0,84.0,70.0,69.0,1.0,0.0,5.0,5.0,0.0,1.0,1.0,0.0,2.0,1.0,5.0,6.0,1.0,6.0
1.0,2537.0,348647203.0,8.0,20.0,120.0,69.0,40.0,39.0,41.0,0.0,13.0,6.0,0.0,1.0,2.0,3.0,1.0,4.0,0.0,0.0,8.0,0.0
3.0,292.0,366599607.0,26.0,4.0,94.0,58.0,44.0,57.0,57.0,0.0,10.0,3.0,0.0,1.0,2.0,1.0,0.0,2.0,1.0,1.0,2.0,5.0
3.0,323.0,90598517.0,4.0,14.0,130.0,65.0,49.0,80.0,22.0,4.0,7.0,5.0,0.0,1.0,1.0,0.0,2.0,1.0,5.0,6.0,1.0,6.0
1.0,14994.0,769213520.0,191.0,206.0,140.0,70.0,85.0,41.0,71.0,0.0,45.0,5.0,0.0,1.0,2.0,1.0,3.0,5.0,1.0,5.0,5.0,1.0
1.0,10326.0,741301563.0,165.0,104.0,119.0,74.0,78.0,37.0,84.0,0.0,6.0,3.0,0.0,1.0,2.0,1.0,0.0,2.0,1.0,1.0,2.0,5.0
1.0,12353.0,807561936.0,35.0,549.0,93.0,35.0,38.0,23.0,91.0,0.0,29.0,3.0,0.0,1.0,2.0,1.0,0.0,2.0,2.0,4.0,0.0,2.0
1.0,9408.0,834129063.0,231.0,439.0,133.0,46.0,53.0,63.0,5.0,0.0,30.0,18.0,0.0,1.0,1.0,0.0,2.0,1.0,5.0,6.0,1.0,6.0
1.0,8879.0,663832097.0,182.0,160.0,202.0,24.0,76.0,60.0,77.0,0.0,12.0,4.0,0.0,1.0,2.0,1.0,0.0,2.0,1.0,1.0,2.0,5.0
1.0,6512.0,446390129.0,88.0,277.0,134.0,45.0,72.0,24.0,91.0,0.0,18.0,4.0,0.0,1.0,2.0,1.0,0.0,2.0,2.0,4.0,0.0,2.0
1.0,5140.0,690104769.0,85.0,500.0,105.0,72.0,33.0,51.0,48.0,0.0,9.0,3.0,0.0,1.0,1.0,0.0,2.0,1.0,5.0,6.0,1.0,3.0
1.0,6596.0,485285717.0,144.0,251.0,160.0,51.0,69.0,81.0,0.0,0.0,21.0,5.0,0.0,1.0,1.0,0.0,2.0,1.0,5.0,6.0,1.0,6.0
1.0,3788.0,520034544.0,21.0,10.0,148.0,50.0,96.0,82.0,47.0,0.0,34.0,4.0,0.0,1.0,1.0,0.0,2.0,1.0,5.0,6.0,1.0,6.0
1.0,7655.0,476244795.0,5.0,291.0,151.0,65.0,70.0,47.0,87.0,0.0,9.0,4.0,0.0,1.0,2.0,3.0,1.0,4.0,0.0,0.0,8.0,0.0
1.0,9577.0,629173063.0,195.0,310.0,162.0,67.0,88.0,54.0,51.0,0.0,9.0,4.0,0.0,0.0,0.0,2.0,4.0,3.0,2.0,4.0,0.0,2.0
1.0,10114.0,404664135.0,114.0,262.0,92.0,53.0,84.0,77.0,40.0,0.0,32.0,3.0,0.0,1.0,2.0,1.0,0.0,2.0,1.0,1.0,2.0,5.0
1.0,1007.0,98709329.0,5.0,1.0,152.0,65.0,35.0,65.0,44.0,18.0,21.0,7.0,0.0,1.0,2.0,1.0,0.0,5.0,4.0,0.0,6.0,5.0
1.0,1127.0,110849052.0,16.0,8.0,65.0,71.0,55.0,26.0,85.0,0.0,13.0,8.0,0.0,1.0,1.0,0.0,2.0,1.0,5.0,6.0,1.0,6.0
4.0,10829.0,460492795.0,130.0,390.0,147.0,33.0,39.0,61.0,32.0,0.0,77.0,3.0,0.0,1.0,2.0,1.0,3.0,2.0,1.0,5.0,2.0,1.0
2.0,1042.0,94005786.0,7.0,3.0,150.0,73.0,71.0,69.0,53.0,0.0,32.0,9.0,0.0,0.0,0.0,2.0,4.0,3.0,2.0,4.0,0.0,2.0
1.0,7930.0,395591396.0,108.0,73.0,140.0,67.0,81.0,36.0,64.0,0.0,15.0,3.0,0.0,1.0,2.0,3.0,0.0,2.0,1.0,1.0,7.0,9.0
1.0,11500.0,389771964.0,140.0,251.0,139.0,36.0,22.0,15.0,84.0,0.0,11.0,4.0,0.0,0.0,0.0,2.0,4.0,3.0,3.0,3.0,3.0,8.0
1.0,1685.0,403939487.0,1.0,29.0,95.0,75.0,74.0,58.0,36.0,0.0,9.0,3.0,0.0,1.0,2.0,1.0,0.0,2.0,1.0,1.0,6.0,5.0
1.0,14169.0,481697415.0,209.0,449.0,115.0,60.0,23.0,57.0,0.0,2.0,27.0,3.0,0.0,1.0,2.0,1.0,0.0,5.0,4.0,0.0,6.0,5.0
2.0,1634.0,110073250.0,16.0,4.0,125.0,62.0,59.0,43.0,84.0,3.0,11.0,5.0,0.0,0.0,0.0,1.0,3.0,5.0,2.0,4.0,0.0,2.0
1.0,906.0,88092256.0,6.0,3.0,76.0,60.0,19.0,20.0,78.0,0.0,11.0,5.0,0.0,1.0,2.0,1.0,0.0,5.0,4.0,0.0,4.0,5.0
1.0,1087.0,351636786.0,90.0,5.0,101.0,72.0,91.0,87.0,14.0,0.0,13.0,3.0,0.0,1.0,2.0,1.0,0.0,5.0,4.0,5.0,6.0,5.0
2.0,10585.0,473248298.0,126.0,406.0,143.0,60.0,86.0,32.0,88.0,0.0,34.0,6.0,0.0,0.0,0.0,2.0,4.0,3.0,3.0,3.0,3.0,8.0
1.0,827.0,73981293.0,6.0,1.0,119.0,51.0,51.0,66.0,67.0,0.0,9.0,23.0,0.0,1.0,1.0,0.0,3.0,5.0,4.0,5.0,5.0,1.0
2.0,1420.0,155653938.0,13.0,17.0,78.0,67.0,22.0,59.0,76.0,1.0,15.0,16.0,0.0,1.0,1.0,0.0,3.0,1.0,4.0,6.0,6.0,6.0
3.0,11940.0,395591396.0,73.0,123.0,96.0,23.0,19.0,25.0,91.0,0.0,40.0,3.0,0.0,0.0,0.0,2.0,4.0,3.0,3.0,3.0,3.0,8.0
1.0,888.0,429504768.0,50.0,6.0,180.0,51.0,87.0,58.0,36.0,0.0,18.0,4.0,0.0,1.0,2.0,1.0,3.0,2.0,1.0,1.0,2.0,5.0
1.0,9122.0,242767149.0,121.0,212.0,126.0,34.0,35.0,76.0,39.0,0.0,8.0,5.0,0.0,0.0,0.0,2.0,4.0,0.0,2.0,4.0,0.0,2.0
1.0,892.0,65362788.0,3.0,2.0,150.0,43.0,42.0,44.0,57.0,0.0,15.0,6.0,0.0,0.0,0.0,2.0,4.0,3.0,3.0,3.0,3.0,8.0
1.0,989.0,67540165.0,5.0,1.0,90.0,53.0,47.0,74.0,9.0,0.0,34.0,4.0,0.0,1.0,0.0,1.0,0.0,0.0,2.0,4.0,0.0,2.0
1.0,819.0,62019074.0,14.0,0.0,160.0,72.0,78.0,68.0,28.0,0.0,11.0,12.0,0.0,1.0,1.0,0.0,2.0,1.0,5.0,6.0,1.0,6.0
2.0,2209.0,135723538.0,72.0,141.0,114.0,59.0,60.0,94.0,24.0,0.0,10.0,4.0,0.0,1.0,2.0,3.0,1.0,4.0,0.0,0.0,7.0,7.0
3.0,6290.0,295998468.0,89.0,158.0,113.0,73.0,72.0,32.0,77.0,0.0,15.0,5.0,0.0,1.0,1.0,0.0,2.0,1.0,5.0,6.0,1.0,6.0
1.0,6952.0,261116938.0,115.0,286.0,147.0,67.0,69.0,72.0,17.0,0.0,19.0,3.0,0.0,0.0,0.0,2.0,4.0,3.0,2.0,4.0,0.0,2.0
2.0,313.0,136689549.0,10.0,7.0,100.0,70.0,92.0,59.0,3.0,0.0,10.0,3.0,0.0,1.0,2.0,1.0,0.0,2.0,1.0,1.0,2.0,5.0
1.0,353.0,135611421.0,2.0,14.0,155.0,49.0,42.0,77.0,3.0,0.0,12.0,9.0,0.0,0.0,0.0,2.0,4.0,3.0,3.0,3.0,3.0,8.0
1.0,4094.0,356709897.0,66.0,43.0,107.0,54.0,41.0,39.0,51.0,0.0,11.0,16.0,0.0,1.0,2.0,1.0,0.0,2.0,4.0,1.0,6.0,5.0
2.0,880.0,110649992.0,3.0,10.0,112.0,80.0,15.0,54.0,9.0,0.0,38.0,5.0,0.0,1.0,2.0,1.0,0.0,5.0,4.0,0.0,4.0,7.0
1.0,573.0,301869854.0,1.0,18.0,166.0,70.0,57.0,57.0,9.0,20.0,11.0,7.0,0.0,1.0,2.0,3.0,1.0,4.0,0.0,0.0,7.0,7.0
1.0,3299.0,127027715.0,65.0,41.0,107.0,69.0,96.0,36.0,81.0,0.0,8.0,4.0,0.0,0.0,0.0,2.0,4.0,3.0,2.0,4.0,0.0,2.0
1.0,811.0,57144458.0,6.0,3.0,81.0,47.0,33.0,68.0,24.0,0.0,22.0,38.0,0.0,0.0,1.0,0.0,2.0,0.0,5.0,2.0,1.0,3.0
1.0,899.0,56870689.0,2.0,2.0,150.0,79.0,77.0,46.0,5.0,0.0,11.0,7.0,0.0,0.0,0.0,2.0,4.0,5.0,2.0,4.0,0.0,2.0
2.0,2415.0,323437194.0,33.0,30.0,110.0,66.0,19.0,32.0,69.0,0.0,12.0,4.0,0.0,0.0,1.0,0.0,2.0,0.0,5.0,2.0,1.0,3.0
1.0,2304.0,317726339.0,12.0,14.0,108.0,64.0,4.0,40.0,6.0,0.0,10.0,6.0,0.0,1.0,1.0,3.0,1.0,4.0,0.0,0.0,7.0,7.0
4.0,1003.0,116144341.0,21.0,44.0,130.0,89.0,48.0,74.0,30.0,0.0,7.0,36.0,0.0,0.0,0.0,2.0,4.0,0.0,3.0,2.0,3.0,8.0
1.0,2699.0,328207708.0,39.0,22.0,164.0,70.0,39.0,56.0,6.0,0.0,9.0,7.0,0.0,1.0,2.0,3.0,1.0,4.0,0.0,1.0,8.0,7.0
2.0,2482.0,608228647.0,27.0,22.0,114.0,80.0,42.0,68.0,2.0,0.0,66.0,4.0,0.0,1.0,1.0,0.0,2.0,1.0,4.0,6.0,6.0,6.0
2.0,2577.0,180577478.0,108.0,30.0,93.0,63.0,93.0,88.0,1.0,0.0,12.0,4.0,0.0,1.0,2.0,1.0,0.0,5.0,4.0,0.0,6.0,6.0
2.0,6821.0,809306935.0,83.0,128.0,90.0,87.0,51.0,69.0,36.0,0.0,9.0,8.0,0.0,1.0,2.0,1.0,0.0,5.0,2.0,4.0,0.0,2.0
1.0,714.0,49262961.0,0.0,2.0,128.0,45.0,35.0,68.0,78.0,0.0,39.0,8.0,0.0,1.0,2.0,1.0,3.0,2.0,1.0,5.0,2.0,9.0
2.0,3185.0,614555082.0,38.0,37.0,97.0,83.0,47.0,80.0,2.0,0.0,24.0,9.0,0.0,1.0,1.0,0.0,2.0,1.0,5.0,6.0,1.0,6.0
1.0,8612.0,245350949.0,120.0,52.0,152.0,69.0,94.0,71.0,79.0,0.0,7.0,8.0,0.0,1.0,2.0,3.0,1.0,5.0,4.0,0.0,7.0,7.0
1.0,4326.0,178660459.0,32.0,65.0,175.0,51.0,94.0,34.0,73.0,0.0,10.0,5.0,0.0,1.0,2.0,1.0,3.0,2.0,1.0,5.0,5.0,1.0
1.0,680.0,51641685.0,2.0,1.0,116.0,61.0,48.0,55.0,67.0,0.0,16.0,8.0,0.0,1.0,1.0,0.0,2.0,1.0,5.0,6.0,1.0,6.0
2.0,398.0,78139948.0,2.0,6.0,80.0,33.0,51.0,59.0,76.0,0.0,44.0,6.0,0.0,1.0,1.0,1.0,0.0,5.0,4.0,0.0,6.0,6.0
2.0,3328.0,322336177.0,39.0,57.0,93.0,63.0,34.0,86.0,26.0,0.0,21.0,39.0,0.0,1.0,2.0,1.0,3.0,5.0,4.0,5.0,6.0,6.0
1.0,7215.0,1007612429.0,170.0,575.0,122.0,70.0,42.0,54.0,30.0,0.0,37.0,5.0,0.0,1.0,2.0,1.0,0.0,2.0,2.0,4.0,7.0,2.0
1.0,4440.0,326792833.0,81.0,133.0,122.0,70.0,91.0,79.0,3.0,0.0,7.0,10.0,0.0,0.0,0.0,2.0,4.0,3.0,2.0,4.0,0.0,2.0
1.0,2881.0,391251368.0,13.0,34.0,135.0,70.0,60.0,58.0,4.0,0.0,16.0,3.0,0.0,1.0,1.0,0.0,2.0,1.0,4.0,6.0,6.0,6.0
3.0,2235.0,349585590.0,65.0,70.0,109.0,60.0,45.0,47.0,62.0,0.0,31.0,5.0,0.0,1.0,2.0,1.0,3.0,2.0,1.0,5.0,2.0,1.0
1.0,3711.0,339659802.0,49.0,62.0,93.0,65.0,82.0,74.0,27.0,0.0,32.0,5.0,0.0,1.0,2.0,1.0,0.0,2.0,4.0,1.0,6.0,5.0
2.0,12403.0,674772936.0,183.0,465.0,125.0,85.0,64.0,81.0,2.0,5.0,7.0,9.0,0.0,1.0,2.0,3.0,1.0,4.0,0.0,0.0,8.0,0.0
7.0,2785.0,432719968.0,95.0,44.0,206.0,58.0,83.0,45.0,36.0,0.0,11.0,8.0,0.0,1.0,2.0,1.0,0.0,2.0,1.0,1.0,2.0,5.0
1.0,14114.0,1309887447.0,252.0,965.0,130.0,76.0,44.0,77.0,1.0,0.0,13.0,3.0,0.0,0.0,0.0,2.0,4.0,3.0,3.0,3.0,3.0,8.0
1.0,1915.0,119238316.0,7.0,15.0,121.0,80.0,62.0,51.0,2.0,0.0,9.0,8.0,0.0,0.0,0.0,2.0,4.0,3.0,3.0,3.0,3.0,8.0
1.0,2297.0,116903579.0,11.0,14.0,123.0,74.0,35.0,73.0,0.0,0.0,21.0,5.0,0.0,1.0,2.0,3.0,1.0,4.0,0.0,1.0,8.0,0.0
1.0,4375.0,888046992.0,24.0,396.0,122.0,67.0,50.0,67.0,15.0,0.0,30.0,4.0,0.0,1.0,1.0,0.0,2.0,1.0,4.0,6.0,6.0,6.0
1.0,2800.0,200660871.0,18.0,61.0,143.0,53.0,50.0,79.0,0.0,0.0,8.0,3.0,0.0,1.0,2.0,1.0,0.0,2.0,1.0,1.0,2.0,5.0
1.0,2597.0,130655803.0,17.0,38.0,121.0,70.0,35.0,77.0,1.0,0.0,26.0,4.0,0.0,1.0,2.0,1.0,0.0,2.0,1.0,1.0,2.0,5.0
1.0,15563.0,1887039593.0,259.0,461.0,166.0,56.0,68.0,66.0,28.0,0.0,11.0,18.0,0.0,1.0,2.0,1.0,0.0,2.0,4.0,1.0,6.0,6.0
3.0,1420.0,88103848.0,7.0,7.0,135.0,41.0,27.0,64.0,36.0,0.0,60.0,3.0,0.0,1.0,2.0,1.0,0.0,2.0,1.0,1.0,6.0,6.0
1.0,1292.0,101114984.0,3.0,14.0,87.0,49.0,49.0,59.0,44.0,0.0,35.0,21.0,0.0,0.0,0.0,2.0,4.0,3.0,2.0,4.0,0.0,2.0
2.0,15867.0,1575467011.0,382.0,497.0,111.0,77.0,74.0,66.0,30.0,0.0,13.0,3.0,0.0,1.0,2.0,3.0,1.0,4.0,0.0,1.0,6.0,0.0
2.0,1178.0,91656026.0,9.0,9.0,110.0,75.0,85.0,84.0,10.0,0.0,31.0,19.0,0.0,1.0,2.0,1.0,0.0,2.0,2.0,4.0,6.0,2.0
1.0,6672.0,1042568408.0,125.0,150.0,130.0,66.0,19.0,61.0,30.0,0.0,9.0,7.0,0.0,0.0,0.0,2.0,2.0,0.0,2.0,2.0,0.0,3.0
1.0,12329.0,1735441776.0,275.0,738.0,179.0,61.0,76.0,51.0,30.0,0.0,38.0,15.0,0.0,0.0,0.0,2.0,4.0,3.0,3.0,3.0,3.0,8.0
1.0,5669.0,726837877.0,74.0,262.0,93.0,74.0,53.0,73.0,61.0,0.0,13.0,4.0,0.0,1.0,2.0,3.0,1.0,4.0,0.0,0.0,7.0,7.0
1.0,811.0,53933526.0,1.0,6.0,78.0,27.0,10.0,49.0,62.0,0.0,49.0,5.0,0.0,0.0,0.0,2.0,4.0,3.0,2.0,4.0,0.0,2.0
1.0,1756.0,267758538.0,38.0,20.0,180.0,65.0,37.0,58.0,2.0,0.0,4.0,31.0,0.0,1.0,2.0,1.0,0.0,2.0,1.0,1.0,2.0,5.0
1.0,1014.0,74601456.0,1.0,11.0,86.0,28.0,13.0,41.0,50.0,0.0,19.0,3.0,0.0,1.0,2.0,1.0,0.0,2.0,1.0,1.0,7.0,5.0
1.0,7963.0,920797189.0,173.0,298.0,88.0,74.0,55.0,85.0,1.0,0.0,5.0,22.0,0.0,0.0,0.0,2.0,4.0,3.0,3.0,3.0,3.0,8.0
2.0,4771.0,539595276.0,68.0,75.0,97.0,68.0,72.0,78.0,4.0,0.0,7.0,5.0,0.0,1.0,2.0,3.0,1.0,4.0,0.0,0.0,7.0,7.0
1.0,8559.0,1367810478.0,183.0,964.0,134.0,71.0,59.0,80.0,13.0,0.0,36.0,5.0,0.0,0.0,0.0,1.0,0.0,2.0,2.0,4.0,0.0,2.0
2.0,3221.0,578207856.0,67.0,139.0,116.0,75.0,36.0,76.0,12.0,0.0,10.0,10.0,0.0,0.0,1.0,0.0,2.0,0.0,5.0,2.0,1.0,3.0
3.0,3423.0,775542072.0,61.0,53.0,170.0,64.0,14.0,70.0,9.0,0.0,9.0,8.0,0.0,1.0,2.0,3.0,1.0,4.0,0.0,0.0,8.0,0.0
1.0,2566.0,863625566.0,44.0,131.0,140.0,83.0,40.0,55.0,16.0,0.0,14.0,23.0,0.0,1.0,1.0,0.0,2.0,1.0,5.0,6.0,1.0,6.0
2.0,9151.0,656013912.0,240.0,268.0,118.0,75.0,46.0,76.0,3.0,0.0,9.0,4.0,0.0,1.0,1.0,0.0,2.0,1.0,5.0,6.0,1.0,6.0
1.0,8476.0,1056760045.0,138.0,283.0,65.0,31.0,31.0,24.0,76.0,0.0,14.0,4.0,0.0,1.0,1.0,0.0,2.0,5.0,6.0,7.0,4.0,4.0
2.0,7495.0,611994237.0,114.0,284.0,120.0,56.0,16.0,67.0,0.0,0.0,11.0,4.0,0.0,1.0,2.0,1.0,0.0,2.0,2.0,4.0,6.0,5.0
2.0,5257.0,1230855859.0,85.0,134.0,176.0,29.0,12.0,33.0,68.0,0.0,12.0,5.0,0.0,0.0,0.0,2.0,4.0,0.0,2.0,4.0,0.0,2.0
1.0,1795.0,582981380.0,34.0,118.0,180.0,59.0,69.0,61.0,84.0,0.0,46.0,36.0,0.0,1.0,2.0,1.0,0.0,5.0,4.0,0.0,4.0,5.0
1.0,12685.0,1858144199.0,185.0,485.0,144.0,59.0,21.0,43.0,76.0,0.0,10.0,7.0,0.0,1.0,2.0,1.0,0.0,2.0,1.0,1.0,2.0,5.0
3.0,648.0,240684449.0,14.0,81.0,133.0,82.0,52.0,61.0,38.0,0.0,14.0,27.0,0.0,0.0,0.0,2.0,4.0,3.0,3.0,3.0,3.0,8.0
1.0,4635.0,583687007.0,50.0,30.0,93.0,63.0,21.0,52.0,28.0,0.0,9.0,3.0,0.0,1.0,2.0,1.0,0.0,2.0,1.0,1.0,2.0,5.0
1.0,1184.0,63803529.0,1.0,6.0,122.0,77.0,25.0,62.0,34.0,0.0,23.0,3.0,0.0,1.0,2.0,1.0,0.0,2.0,1.0,1.0,2.0,5.0
1.0,4431.0,466214729.0,105.0,199.0,88.0,53.0,55.0,73.0,9.0,0.0,3.0,5.0,0.0,1.0,1.0,0.0,2.0,1.0,5.0,6.0,1.0,6.0
4.0,759.0,236940480.0,32.0,12.0,170.0,70.0,61.0,44.0,40.0,0.0,37.0,4.0,0.0,1.0,1.0,0.0,2.0,1.0,5.0,2.0,1.0,3.0
1.0,733.0,41924466.0,0.0,2.0,94.0,46.0,55.0,50.0,71.0,0.0,10.0,11.0,0.0,1.0,2.0,1.0,0.0,5.0,4.0,0.0,6.0,7.0
1.0,2795.0,225259194.0,45.0,107.0,170.0,65.0,46.0,47.0,12.0,0.0,13.0,16.0,0.0,1.0,2.0,1.0,0.0,2.0,1.0,1.0,2.0,5.0
3.0,2780.0,393230256.0,54.0,57.0,90.0,79.0,79.0,70.0,57.0,0.0,66.0,8.0,0.0,0.0,0.0,2.0,4.0,0.0,3.0,3.0,3.0,8.0
1.0,1950.0,287201015.0,56.0,104.0,78.0,40.0,7.0,29.0,62.0,0.0,9.0,3.0,0.0,1.0,2.0,1.0,0.0,4.0,1.0,0.0,7.0,7.0
1.0,3947.0,599770206.0,33.0,93.0,94.0,57.0,36.0,58.0,5.0,0.0,15.0,3.0,0.0,1.0,2.0,3.0,1.0,4.0,0.0,0.0,7.0,7.0
1.0,2551.0,342779426.0,52.0,35.0,73.0,83.0,11.0,41.0,0.0,0.0,36.0,14.0,0.0,1.0,2.0,1.0,0.0,2.0,1.0,1.0,2.0,5.0
2.0,5375.0,673801126.0,138.0,133.0,176.0,73.0,79.0,86.0,42.0,0.0,7.0,18.0,0.0,1.0,1.0,0.0,2.0,1.0,5.0,2.0,1.0,3.0
1.0,11975.0,1168642797.0,188.0,268.0,128.0,81.0,57.0,63.0,40.0,1.0,10.0,4.0,0.0,1.0,2.0,1.0,3.0,5.0,1.0,5.0,5.0,1.0
3.0,2696.0,540539717.0,42.0,57.0,120.0,58.0,44.0,60.0,44.0,9.0,5.0,6.0,0.0,0.0,0.0,2.0,4.0,3.0,3.0,3.0,3.0,8.0
3.0,4963.0,383550148.0,63.0,76.0,82.0,63.0,85.0,62.0,6.0,0.0,35.0,4.0,0.0,0.0,0.0,2.0,4.0,3.0,2.0,4.0,0.0,2.0
3.0,6734.0,530511203.0,47.0,90.0,95.0,77.0,40.0,47.0,2.0,0.0,9.0,3.0,0.0,0.0,0.0,2.0,4.0,2.0,2.0,4.0,0.0,2.0
1.0,715.0,37307967.0,0.0,2.0,118.0,44.0,52.0,94.0,11.0,0.0,4.0,29.0,0.0,1.0,2.0,3.0,3.0,5.0,1.0,5.0,5.0,1.0
1.0,3047.0,510876816.0,77.0,85.0,123.0,75.0,93.0,86.0,8.0,0.0,14.0,3.0,0.0,1.0,2.0,1.0,0.0,2.0,1.0,1.0,2.0,5.0
3.0,14140.0,1445941661.0,231.0,612.0,90.0,63.0,49.0,68.0,38.0,0.0,42.0,18.0,0.0,0.0,1.0,0.0,2.0,0.0,2.0,2.0,0.0,3.0
2.0,11215.0,1763363713.0,189.0,525.0,110.0,73.0,14.0,57.0,40.0,0.0,11.0,5.0,0.0,1.0,2.0,1.0,0.0,2.0,1.0,1.0,2.0,9.0
2.0,1678.0,374191487.0,20.0,15.0,96.0,66.0,76.0,82.0,47.0,0.0,10.0,32.0,0.0,1.0,1.0,0.0,2.0,1.0,5.0,6.0,1.0,6.0
1.0,2035.0,108809090.0,41.0,394.0,88.0,56.0,58.0,55.0,35.0,0.0,23.0,11.0,0.0,1.0,2.0,3.0,1.0,4.0,0.0,0.0,7.0,7.0
3.0,2780.0,436695353.0,86.0,59.0,98.0,73.0,60.0,85.0,17.0,0.0,24.0,5.0,0.0,1.0,1.0,0.0,2.0,1.0,5.0,2.0,1.0,3.0
3.0,4091.0,421040617.0,105.0,73.0,110.0,72.0,67.0,68.0,0.0,0.0,14.0,4.0,0.0,1.0,1.0,0.0,2.0,5.0,4.0,6.0,6.0,6.0
1.0,2868.0,501541661.0,43.0,116.0,80.0,70.0,57.0,49.0,19.0,0.0,12.0,8.0,0.0,0.0,0.0,2.0,4.0,3.0,2.0,4.0,0.0,2.0
3.0,3643.0,354065229.0,69.0,70.0,110.0,86.0,31.0,53.0,43.0,0.0,11.0,6.0,0.0,1.0,2.0,1.0,0.0,2.0,1.0,1.0,2.0,5.0
1.0,4779.0,1143647827.0,180.0,223.0,110.0,79.0,70.0,36.0,0.0,0.0,6.0,11.0,0.0,1.0,2.0,1.0,0.0,2.0,1.0,1.0,2.0,5.0
3.0,3517.0,311395144.0,54.0,43.0,78.0,77.0,49.0,42.0,1.0,1.0,13.0,19.0,0.0,0.0,0.0,2.0,4.0,0.0,2.0,2.0,0.0,3.0
2.0,5073.0,672656250.0,83.0,100.0,129.0,83.0,44.0,62.0,2.0,0.0,8.0,6.0,0.0,0.0,0.0,2.0,2.0,0.0,5.0,2.0,1.0,3.0
1.0,7545.0,1256880657.0,117.0,141.0,181.0,44.0,22.0,60.0,61.0,0.0,42.0,9.0,0.0,0.0,0.0,2.0,4.0,3.0,2.0,4.0,0.0,2.0
1.0,8528.0,1692897992.0,239.0,583.0,114.0,75.0,74.0,77.0,1.0,0.0,9.0,10.0,0.0,1.0,2.0,1.0,0.0,5.0,2.0,4.0,7.0,2.0
1.0,2979.0,245095641.0,44.0,159.0,144.0,74.0,39.0,65.0,5.0,1.0,11.0,35.0,0.0,1.0,1.0,0.0,2.0,1.0,4.0,6.0,6.0,6.0
2.0,7731.0,686734357.0,110.0,447.0,101.0,66.0,18.0,68.0,9.0,0.0,12.0,4.0,0.0,1.0,2.0,3.0,3.0,2.0,1.0,5.0,5.0,1.0
2.0,1057.0,261414174.0,17.0,21.0,84.0,67.0,78.0,63.0,29.0,0.0,12.0,5.0,0.0,0.0,0.0,2.0,4.0,3.0,3.0,3.0,3.0,8.0
3.0,3272.0,610045621.0,101.0,70.0,154.0,66.0,63.0,69.0,21.0,0.0,11.0,7.0,0.0,1.0,2.0,1.0,0.0,2.0,2.0,4.0,2.0,2.0
3.0,14417.0,1115880852.0,237.0,569.0,148.0,59.0,72.0,62.0,18.0,0.0,9.0,3.0,0.0,0.0,1.0,0.0,2.0,0.0,5.0,2.0,1.0,3.0
3.0,5199.0,594482982.0,45.0,45.0,146.0,85.0,22.0,37.0,13.0,0.0,7.0,30.0,0.0,1.0,2.0,3.0,1.0,4.0,0.0,0.0,7.0,7.0
2.0,6026.0,566954746.0,171.0,187.0,120.0,77.0,51.0,79.0,20.0,0.0,26.0,6.0,0.0,1.0,2.0,1.0,3.0,5.0,1.0,5.0,2.0,1.0
2.0,4640.0,374706940.0,81.0,507.0,136.0,77.0,82.0,30.0,95.0,0.0,13.0,5.0,0.0,1.0,2.0,3.0,1.0,4.0,0.0,0.0,7.0,7.0
3.0,1150.0,184937148.0,20.0,12.0,141.0,59.0,56.0,63.0,12.0,0.0,6.0,36.0,0.0,1.0,2.0,1.0,3.0,5.0,4.0,5.0,5.0,1.0
1.0,768.0,31959571.0,1.0,3.0,108.0,46.0,23.0,48.0,75.0,30.0,14.0,4.0,0.0,1.0,2.0,1.0,0.0,2.0,1.0,1.0,7.0,7.0
1.0,925.0,167076418.0,24.0,74.0,94.0,42.0,47.0,36.0,76.0,0.0,9.0,5.0,0.0,1.0,1.0,0.0,2.0,5.0,2.0,4.0,6.0,2.0
1.0,3006.0,824420218.0,23.0,121.0,180.0,35.0,41.0,94.0,0.0,63.0,5.0,5.0,0.0,1.0,2.0,1.0,3.0,2.0,1.0,5.0,2.0,1.0
1.0,3098.0,363467642.0,111.0,182.0,122.0,77.0,51.0,79.0,5.0,0.0,16.0,5.0,0.0,1.0,2.0,1.0,0.0,2.0,2.0,4.0,0.0,2.0
1.0,9771.0,1127468248.0,42.0,384.0,85.0,59.0,33.0,52.0,7.0,15.0,12.0,3.0,0.0,1.0,2.0,1.0,3.0,5.0,1.0,5.0,2.0,1.0
2.0,807.0,60680939.0,3.0,5.0,148.0,68.0,29.0,73.0,0.0,0.0,7.0,7.0,0.0,0.0,0.0,2.0,4.0,3.0,3.0,3.0,3.0,8.0
1.0,521.0,247737946.0,17.0,11.0,120.0,83.0,59.0,73.0,6.0,0.0,5.0,11.0,0.0,1.0,2.0,3.0,1.0,4.0,2.0,4.0,6.0,2.0
2.0,12854.0,1699402402.0,237.0,636.0,91.0,70.0,76.0,72.0,22.0,0.0,27.0,4.0,0.0,1.0,2.0,1.0,0.0,2.0,1.0,1.0,2.0,9.0
2.0,802.0,154797871.0,13.0,8.0,120.0,72.0,54.0,71.0,26.0,0.0,10.0,4.0,0.0,1.0,2.0,3.0,1.0,4.0,0.0,1.0,8.0,7.0
1.0,731.0,198883004.0,14.0,24.0,106.0,86.0,86.0,79.0,11.0,0.0,8.0,9.0,0.0,1.0,2.0,1.0,3.0,2.0,1.0,5.0,5.0,1.0
1.0,788.0,124407432.0,13.0,32.0,110.0,63.0,31.0,35.0,93.0,0.0,29.0,3.0,0.0,1.0,2.0,1.0,0.0,2.0,1.0,1.0,2.0,5.0
1.0,3069.0,850608354.0,25.0,105.0,169.0,39.0,36.0,45.0,81.0,0.0,8.0,13.0,0.0,1.0,2.0,1.0,0.0,2.0,1.0,1.0,2.0,5.0
1.0,4651.0,376333030.0,24.0,105.0,118.0,80.0,21.0,55.0,1.0,0.0,26.0,17.0,0.0,1.0,2.0,1.0,0.0,2.0,1.0,1.0,2.0,5.0
1.0,4999.0,516784627.0,43.0,73.0,92.0,91.0,79.0,66.0,32.0,0.0,9.0,16.0,0.0,0.0,0.0,1.0,0.0,2.0,2.0,4.0,0.0,2.0
1.0,8327.0,1608045237.0,205.0,625.0,112.0,45.0,19.0,60.0,63.0,0.0,9.0,6.0,0.0,1.0,2.0,1.0,0.0,5.0,4.0,0.0,4.0,5.0
1.0,3297.0,506778838.0,25.0,52.0,140.0,79.0,56.0,91.0,26.0,0.0,13.0,21.0,0.0,1.0,1.0,0.0,2.0,5.0,4.0,0.0,4.0,3.0
1.0,3506.0,513643924.0,103.0,100.0,178.0,76.0,63.0,77.0,14.0,0.0,15.0,22.0,0.0,1.0,2.0,3.0,1.0,4.0,0.0,0.0,7.0,7.0
2.0,2999.0,261286503.0,60.0,154.0,108.0,96.0,71.0,42.0,57.0,0.0,8.0,9.0,0.0,1.0,2.0,3.0,1.0,4.0,0.0,0.0,8.0,0.0
1.0,3681.0,783706581.0,20.0,99.0,173.0,40.0,19.0,29.0,86.0,0.0,34.0,4.0,0.0,1.0,1.0,0.0,2.0,5.0,4.0,6.0,6.0,6.0
3.0,4846.0,422691058.0,54.0,259.0,101.0,67.0,40.0,90.0,3.0,0.0,34.0,6.0,0.0,0.0,0.0,2.0,4.0,3.0,3.0,3.0,3.0,8.0
1.0,14311.0,1062345656.0,255.0,582.0,120.0,80.0,24.0,62.0,41.0,2.0,11.0,23.0,0.0,1.0,2.0,1.0,0.0,5.0,4.0,0.0,4.0,5.0
1.0,8207.0,1252563873.0,175.0,95.0,144.0,73.0,66.0,80.0,44.0,0.0,9.0,12.0,0.0,1.0,2.0,1.0,3.0,5.0,4.0,5.0,5.0,1.0
1.0,4873.0,851070493.0,65.0,434.0,133.0,75.0,96.0,61.0,0.0,0.0,18.0,4.0,0.0,1.0,1.0,0.0,3.0,5.0,4.0,0.0,4.0,1.0
2.0,772.0,263894529.0,7.0,89.0,158.0,46.0,62.0,83.0,53.0,0.0,97.0,28.0,0.0,1.0,2.0,1.0,0.0,5.0,4.0,0.0,4.0,6.0
1.0,1150.0,345903614.0,20.0,44.0,120.0,81.0,92.0,90.0,9.0,0.0,8.0,7.0,0.0,1.0,1.0,1.0,0.0,5.0,4.0,0.0,4.0,6.0
1.0,5398.0,951637566.0,111.0,210.0,129.0,61.0,59.0,46.0,56.0,0.0,13.0,5.0,0.0,1.0,1.0,0.0,2.0,1.0,5.0,6.0,6.0,6.0
4.0,6890.0,427486004.0,122.0,201.0,124.0,79.0,79.0,84.0,2.0,0.0,5.0,5.0,0.0,1.0,2.0,1.0,3.0,5.0,4.0,5.0,4.0,1.0
1.0,1966.0,156658366.0,4.0,50.0,90.0,73.0,31.0,45.0,85.0,24.0,11.0,3.0,0.0,1.0,2.0,3.0,1.0,4.0,0.0,1.0,8.0,9.0
1.0,2226.0,624515457.0,29.0,44.0,161.0,78.0,65.0,52.0,46.0,0.0,12.0,31.0,0.0,1.0,2.0,1.0,3.0,5.0,4.0,0.0,4.0,1.0
1.0,4204.0,777765388.0,39.0,250.0,120.0,60.0,11.0,33.0,90.0,0.0,8.0,5.0,0.0,1.0,2.0,1.0,0.0,2.0,1.0,1.0,2.0,5.0
1.0,1959.0,412795151.0,19.0,38.0,81.0,45.0,12.0,57.0,7.0,0.0,23.0,3.0,0.0,0.0,0.0,2.0,1.0,4.0,2.0,4.0,7.0,7.0
1.0,7191.0,1138474110.0,146.0,478.0,150.0,78.0,47.0,70.0,18.0,0.0,15.0,9.0,0.0,1.0,1.0,0.0,2.0,5.0,4.0,6.0,6.0,6.0
2.0,2012.0,355219175.0,101.0,38.0,105.0,76.0,58.0,84.0,10.0,0.0,13.0,10.0,0.0,1.0,2.0,1.0,0.0,2.0,1.0,1.0,2.0,5.0
1.0,1211.0,290228626.0,30.0,5.0,79.0,63.0,76.0,67.0,38.0,0.0,6.0,4.0,0.0,1.0,2.0,1.0,0.0,2.0,1.0,1.0,6.0,6.0
1.0,7109.0,1062956628.0,5.0,862.0,146.0,52.0,7.0,61.0,51.0,0.0,11.0,3.0,0.0,1.0,2.0,1.0,0.0,2.0,1.0,1.0,2.0,5.0
1.0,6638.0,1180094974.0,167.0,318.0,124.0,64.0,8.0,37.0,79.0,0.0,9.0,5.0,0.0,1.0,2.0,1.0,0.0,2.0,4.0,1.0,6.0,5.0
1.0,6392.0,432702334.0,174.0,344.0,121.0,75.0,53.0,74.0,2.0,0.0,11.0,5.0,0.0,1.0,2.0,3.0,1.0,4.0,0.0,0.0,8.0,0.0
3.0,5481.0,489945871.0,144.0,86.0,136.0,80.0,33.0,60.0,0.0,0.0,32.0,14.0,0.0,1.0,2.0,1.0,0.0,2.0,1.0,1.0,2.0,5.0
1.0,2636.0,465959382.0,36.0,39.0,102.0,77.0,26.0,63.0,58.0,0.0,11.0,5.0,0.0,1.0,1.0,0.0,2.0,1.0,5.0,6.0,1.0,6.0
3.0,824.0,1223481149.0,8.0,8.0,77.0,73.0,54.0,74.0,23.0,0.0,41.0,23.0,0.0,1.0,1.0,0.0,2.0,5.0,6.0,7.0,4.0,4.0
1.0,14749.0,2288695111.0,188.0,710.0,84.0,44.0,22.0,48.0,38.0,0.0,33.0,24.0,0.0,1.0,1.0,0.0,2.0,1.0,5.0,6.0,1.0,6.0
2.0,8087.0,720825549.0,92.0,131.0,102.0,89.0,77.0,82.0,3.0,0.0,17.0,11.0,0.0,1.0,2.0,1.0,3.0,5.0,1.0,5.0,5.0,1.0
1.0,6646.0,991336132.0,107.0,584.0,72.0,45.0,27.0,33.0,82.0,0.0,14.0,4.0,0.0,1.0,1.0,0.0,2.0,1.0,6.0,7.0,1.0,4.0
2.0,5403.0,593917618.0,118.0,96.0,168.0,67.0,29.0,47.0,5.0,0.0,22.0,26.0,0.0,1.0,2.0,3.0,1.0,4.0,1.0,1.0,2.0,7.0
2.0,755.0,200972675.0,22.0,0.0,94.0,52.0,68.0,69.0,13.0,0.0,33.0,8.0,0.0,1.0,2.0,1.0,3.0,5.0,4.0,5.0,5.0,1.0
1.0,254.0,71014967.0,0.0,23.0,145.0,41.0,65.0,88.0,0.0,0.0,26.0,5.0,0.0,0.0,0.0,2.0,4.0,3.0,3.0,3.0,3.0,8.0
2.0,6308.0,560222750.0,114.0,63.0,134.0,71.0,14.0,61.0,1.0,0.0,23.0,33.0,0.0,1.0,2.0,1.0,0.0,2.0,1.0,1.0,2.0,5.0
1.0,246.0,77337771.0,2.0,10.0,127.0,60.0,40.0,89.0,9.0,0.0,60.0,6.0,0.0,0.0,0.0,2.0,4.0,3.0,2.0,4.0,0.0,2.0
3.0,6556.0,528544703.0,93.0,67.0,172.0,74.0,79.0,66.0,11.0,0.0,8.0,16.0,0.0,1.0,2.0,1.0,0.0,2.0,1.0,1.0,2.0,5.0
1.0,5728.0,865640097.0,85.0,179.0,90.0,75.0,19.0,46.0,21.0,4.0,34.0,8.0,0.0,1.0,2.0,1.0,0.0,2.0,2.0,4.0,6.0,2.0
1.0,461.0,211372494.0,10.0,17.0,138.0,74.0,65.0,67.0,46.0,0.0,36.0,4.0,0.0,1.0,1.0,0.0,2.0,1.0,5.0,6.0,1.0,6.0
2.0,4893.0,651732901.0,143.0,110.0,120.0,72.0,67.0,72.0,0.0,0.0,13.0,4.0,0.0,1.0,1.0,0.0,2.0,1.0,5.0,6.0,1.0,6.0
1.0,1801.0,608334048.0,77.0,74.0,125.0,70.0,65.0,74.0,1.0,0.0,34.0,4.0,0.0,1.0,2.0,1.0,0.0,2.0,1.0,1.0,2.0,5.0
4.0,12043.0,863756573.0,209.0,710.0,123.0,82.0,80.0,86.0,1.0,0.0,30.0,13.0,0.0,1.0,2.0,3.0,1.0,4.0,0.0,1.0,8.0,7.0
1.0,4731.0,797402345.0,141.0,78.0,81.0,79.0,44.0,54.0,41.0,0.0,13.0,24.0,0.0,1.0,2.0,3.0,1.0,4.0,0.0,1.0,8.0,0.0
8.0,1560.0,223319934.0,72.0,0.0,84.0,56.0,61.0,76.0,10.0,0.0,14.0,11.0,0.0,1.0,1.0,0.0,2.0,1.0,5.0,0.0,4.0,5.0
2.0,620.0,54937991.0,17.0,3.0,115.0,90.0,74.0,54.0,16.0,0.0,13.0,28.0,0.0,1.0,2.0,1.0,0.0,2.0,1.0,1.0,6.0,6.0
2.0,3270.0,226897599.0,89.0,65.0,125.0,69.0,70.0,89.0,4.0,0.0,49.0,3.0,0.0,1.0,1.0,0.0,2.0,1.0,5.0,6.0,1.0,6.0
2.0,580.0,258316038.0,24.0,93.0,122.0,80.0,62.0,69.0,28.0,0.0,13.0,7.0,0.0,1.0,2.0,1.0,0.0,2.0,1.0,1.0,2.0,5.0
2.0,3406.0,596152090.0,61.0,70.0,92.0,85.0,92.0,54.0,16.0,0.0,29.0,7.0,0.0,1.0,2.0,1.0,0.0,5.0,4.0,1.0,6.0,5.0
3.0,903.0,177129919.0,30.0,15.0,90.0,63.0,75.0,75.0,17.0,0.0,11.0,8.0,0.0,1.0,1.0,0.0,2.0,1.0,5.0,6.0,1.0,6.0
2.0,6809.0,716591492.0,151.0,175.0,94.0,84.0,90.0,70.0,9.0,0.0,14.0,8.0,0.0,1.0,2.0,1.0,0.0,2.0,1.0,1.0,2.0,5.0
1.0,590.0,246376690.0,4.0,20.0,130.0,51.0,50.0,76.0,30.0,0.0,10.0,7.0,0.0,0.0,0.0,2.0,4.0,3.0,2.0,4.0,0.0,2.0
1.0,3766.0,496311364.0,76.0,102.0,180.0,35.0,23.0,61.0,23.0,0.0,19.0,6.0,0.0,1.0,2.0,1.0,0.0,2.0,1.0,0.0,7.0,7.0
2.0,1430.0,146789379.0,46.0,34.0,134.0,53.0,31.0,31.0,92.0,0.0,28.0,3.0,0.0,1.0,2.0,1.0,0.0,5.0,4.0,0.0,6.0,6.0
1.0,4049.0,500340342.0,119.0,85.0,184.0,69.0,91.0,63.0,11.0,0.0,9.0,31.0,0.0,1.0,2.0,3.0,1.0,4.0,0.0,0.0,4.0,7.0
3.0,2096.0,107255472.0,34.0,30.0,147.0,47.0,50.0,80.0,10.0,0.0,32.0,38.0,0.0,1.0,1.0,0.0,2.0,1.0,4.0,6.0,6.0,6.0
2.0,1175.0,135079152.0,34.0,31.0,123.0,52.0,44.0,60.0,40.0,0.0,26.0,3.0,0.0,0.0,0.0,2.0,4.0,3.0,2.0,4.0,0.0,2.0
1.0,29499.0,822239726.0,124.0,587.0,123.0,91.0,49.0,61.0,3.0,0.0,17.0,22.0,0.0,1.0,2.0,1.0,0.0,5.0,4.0,0.0,4.0,5.0
1.0,2711.0,343197054.0,105.0,51.0,160.0,61.0,65.0,64.0,1.0,0.0,12.0,4.0,0.0,1.0,2.0,1.0,0.0,2.0,1.0,1.0,2.0,5.0
1.0,4310.0,240769997.0,13.0,113.0,115.0,60.0,37.0,71.0,8.0,0.0,48.0,4.0,0.0,1.0,2.0,1.0,3.0,5.0,4.0,5.0,5.0,1.0
2.0,5342.0,426204830.0,33.0,7.0,141.0,37.0,17.0,67.0,2.0,0.0,34.0,9.0,0.0,1.0,2.0,1.0,0.0,5.0,4.0,0.0,6.0,6.0
1.0,2393.0,421135627.0,22.0,65.0,160.0,31.0,30.0,88.0,7.0,0.0,8.0,8.0,0.0,0.0,0.0,2.0,4.0,3.0,2.0,4.0,0.0,2.0
1.0,3444.0,554875730.0,24.0,102.0,145.0,57.0,23.0,66.0,4.0,6.0,15.0,4.0,0.0,1.0,2.0,1.0,3.0,5.0,4.0,5.0,6.0,1.0
1.0,5443.0,467727006.0,45.0,80.0,89.0,46.0,43.0,43.0,23.0,8.0,8.0,22.0,0.0,1.0,2.0,1.0,0.0,2.0,1.0,1.0,2.0,5.0
3.0,272.0,327498031.0,7.0,2.0,95.0,84.0,49.0,72.0,8.0,0.0,15.0,8.0,0.0,1.0,1.0,0.0,2.0,5.0,4.0,0.0,6.0,6.0
1.0,975.0,185408548.0,11.0,10.0,160.0,60.0,47.0,62.0,3.0,0.0,38.0,4.0,0.0,0.0,0.0,2.0,4.0,3.0,2.0,4.0,0.0,2.0
7.0,1034.0,245400167.0,19.0,12.0,174.0,67.0,74.0,75.0,44.0,0.0,7.0,30.0,0.0,1.0,2.0,1.0,0.0,5.0,4.0,0.0,4.0,5.0
2.0,3541.0,252871192.0,57.0,50.0,172.0,31.0,4.0,86.0,1.0,0.0,28.0,17.0,0.0,1.0,2.0,3.0,1.0,2.0,1.0,1.0,8.0,0.0
1.0,1492.0,231996128.0,44.0,91.0,80.0,76.0,92.0,62.0,6.0,0.0,8.0,13.0,0.0,1.0,2.0,3.0,1.0,4.0,0.0,0.0,7.0,7.0
2.0,6955.0,1180896317.0,65.0,398.0,166.0,81.0,83.0,75.0,14.0,0.0,29.0,34.0,0.0,1.0,1.0,0.0,2.0,1.0,5.0,6.0,6.0,6.0
1.0,2742.0,498960285.0,5.0,62.0,120.0,67.0,8.0,54.0,27.0,0.0,8.0,4.0,0.0,1.0,2.0,1.0,3.0,2.0,1.0,5.0,2.0,1.0
1.0,4214.0,685071800.0,21.0,40.0,92.0,86.0,89.0,79.0,17.0,0.0,11.0,6.0,0.0,1.0,2.0,3.0,1.0,4.0,0.0,1.0,8.0,9.0
1.0,2026.0,258714692.0,47.0,42.0,85.0,74.0,61.0,52.0,30.0,0.0,26.0,9.0,0.0,0.0,1.0,0.0,2.0,0.0,5.0,2.0,1.0,3.0
2.0,352.0,143139338.0,10.0,39.0,154.0,79.0,86.0,52.0,66.0,0.0,9.0,7.0,0.0,1.0,2.0,1.0,0.0,2.0,1.0,1.0,2.0,5.0
2.0,1517.0,209768491.0,42.0,15.0,92.0,73.0,37.0,74.0,28.0,0.0,14.0,6.0,0.0,1.0,2.0,1.0,0.0,5.0,4.0,0.0,6.0,5.0
2.0,847.0,64714573.0,25.0,14.0,140.0,89.0,75.0,70.0,6.0,0.0,13.0,5.0,0.0,1.0,2.0,3.0,1.0,4.0,0.0,0.0,8.0,0.0
1.0,910.0,50746620.0,20.0,24.0,89.0,65.0,60.0,60.0,11.0,0.0,10.0,40.0,0.0,1.0,2.0,1.0,0.0,2.0,1.0,1.0,2.0,5.0
1.0,601.0,154119539.0,28.0,64.0,135.0,89.0,89.0,86.0,16.0,0.0,8.0,5.0,0.0,0.0,0.0,2.0,4.0,5.0,2.0,4.0,0.0,2.0
1.0,1800.0,181328253.0,43.0,46.0,140.0,51.0,66.0,53.0,60.0,0.0,11.0,18.0,0.0,1.0,2.0,3.0,1.0,4.0,0.0,5.0,8.0,7.0
1.0,1930.0,370068639.0,3.0,28.0,82.0,47.0,44.0,76.0,8.0,91.0,9.0,3.0,0.0,1.0,2.0,1.0,0.0,2.0,1.0,1.0,2.0,9.0
1.0,6332.0,563902868.0,47.0,266.0,88.0,31.0,31.0,63.0,47.0,27.0,21.0,12.0,0.0,1.0,2.0,1.0,0.0,5.0,4.0,0.0,6.0,7.0
1.0,509.0,317622165.0,8.0,6.0,139.0,44.0,18.0,38.0,70.0,0.0,12.0,4.0,0.0,0.0,0.0,2.0,4.0,3.0,2.0,4.0,0.0,2.0
2.0,971.0,291709698.0,35.0,93.0,124.0,73.0,68.0,83.0,55.0,0.0,90.0,7.0,0.0,1.0,2.0,3.0,1.0,4.0,0.0,1.0,8.0,0.0
1.0,2578.0,203680270.0,8.0,66.0,80.0,39.0,45.0,55.0,73.0,0.0,9.0,21.0,0.0,1.0,2.0,3.0,1.0,4.0,0.0,1.0,8.0,0.0
2.0,1064.0,81350745.0,42.0,26.0,120.0,84.0,54.0,51.0,47.0,0.0,12.0,40.0,0.0,1.0,1.0,0.0,0.0,5.0,4.0,6.0,6.0,6.0
1.0,3618.0,282883169.0,21.0,138.0,80.0,56.0,19.0,46.0,92.0,72.0,11.0,3.0,0.0,1.0,2.0,3.0,1.0,4.0,0.0,0.0,8.0,0.0
2.0,1040.0,64787943.0,8.0,29.0,117.0,92.0,62.0,86.0,11.0,0.0,24.0,24.0,0.0,1.0,2.0,3.0,1.0,4.0,0.0,0.0,8.0,0.0
2.0,4708.0,461437791.0,13.0,55.0,140.0,62.0,46.0,73.0,10.0,0.0,67.0,11.0,0.0,1.0,2.0,3.0,1.0,4.0,0.0,6.0,6.0,6.0
1.0,13454.0,1439191367.0,246.0,519.0,99.0,68.0,57.0,77.0,2.0,0.0,10.0,5.0,0.0,1.0,2.0,3.0,1.0,4.0,0.0,0.0,8.0,0.0
2.0,4890.0,759208783.0,52.0,100.0,93.0,74.0,59.0,87.0,3.0,0.0,8.0,5.0,0.0,1.0,2.0,1.0,0.0,2.0,4.0,1.0,6.0,6.0
2.0,3501.0,299634472.0,69.0,51.0,124.0,81.0,68.0,63.0,17.0,0.0,10.0,22.0,0.0,1.0,2.0,3.0,1.0,4.0,0.0,0.0,7.0,7.0
2.0,6111.0,756907987.0,185.0,492.0,95.0,76.0,96.0,70.0,18.0,0.0,33.0,4.0,0.0,1.0,1.0,0.0,2.0,1.0,5.0,6.0,1.0,6.0
1.0,5415.0,682475162.0,46.0,53.0,96.0,87.0,82.0,53.0,10.0,0.0,5.0,8.0,0.0,1.0,2.0,3.0,1.0,4.0,0.0,1.0,8.0,0.0
1.0,4673.0,546191065.0,123.0,180.0,92.0,81.0,40.0,73.0,15.0,0.0,9.0,8.0,0.0,1.0,2.0,1.0,0.0,2.0,1.0,1.0,6.0,5.0
1.0,1856.0,229473310.0,29.0,31.0,124.0,95.0,36.0,37.0,35.0,0.0,10.0,28.0,0.0,1.0,2.0,3.0,1.0,4.0,0.0,0.0,8.0,0.0
1.0,200.0,202677468.0,12.0,0.0,72.0,64.0,76.0,44.0,70.0,9.0,12.0,4.0,0.0,1.0,2.0,3.0,1.0,4.0,0.0,0.0,8.0,0.0
1.0,1888.0,121913181.0,26.0,58.0,71.0,28.0,26.0,20.0,19.0,0.0,30.0,3.0,0.0,1.0,2.0,1.0,0.0,2.0,1.0,1.0,2.0,5.0
2.0,911.0,208166039.0,45.0,99.0,135.0,78.0,55.0,57.0,4.0,0.0,10.0,8.0,0.0,1.0,2.0,1.0,0.0,2.0,1.0,1.0,6.0,5.0
1.0,2954.0,527033089.0,18.0,0.0,95.0,81.0,56.0,70.0,4.0,0.0,5.0,24.0,0.0,1.0,1.0,3.0,1.0,1.0,0.0,6.0,8.0,0.0
2.0,461.0,94616487.0,7.0,13.0,71.0,59.0,70.0,74.0,56.0,0.0,11.0,40.0,0.0,1.0,2.0,1.0,3.0,2.0,1.0,5.0,2.0,5.0
1.0,2844.0,394030335.0,29.0,35.0,180.0,80.0,71.0,68.0,6.0,0.0,10.0,37.0,0.0,1.0,2.0,3.0,1.0,4.0,0.0,0.0,8.0,0.0
1.0,2939.0,193443895.0,42.0,24.0,150.0,65.0,11.0,58.0,0.0,0.0,12.0,9.0,0.0,1.0,1.0,0.0,2.0,1.0,5.0,6.0,1.0,3.0
1.0,695.0,299648208.0,16.0,13.0,189.0,55.0,86.0,44.0,40.0,0.0,7.0,4.0,0.0,1.0,2.0,3.0,0.0,4.0,0.0,1.0,6.0,7.0
1.0,328.0,182978249.0,10.0,7.0,85.0,72.0,55.0,64.0,49.0,0.0,7.0,4.0,0.0,1.0,2.0,1.0,3.0,2.0,1.0,5.0,5.0,1.0
1.0,866.0,319757142.0,27.0,32.0,140.0,59.0,73.0,45.0,44.0,0.0,34.0,3.0,0.0,1.0,2.0,3.0,1.0,4.0,0.0,0.0,8.0,0.0
2.0,1550.0,109091573.0,0.0,14.0,81.0,77.0,68.0,70.0,6.0,0.0,17.0,20.0,0.0,0.0,0.0,2.0,4.0,0.0,2.0,2.0,7.0,2.0
2.0,1729.0,153240879.0,26.0,19.0,104.0,80.0,24.0,65.0,2.0,0.0,9.0,4.0,0.0,1.0,2.0,1.0,0.0,5.0,4.0,0.0,4.0,5.0
1.0,2005.0,346127840.0,16.0,43.0,129.0,42.0,33.0,44.0,62.0,0.0,8.0,6.0,0.0,1.0,2.0,1.0,3.0,2.0,1.0,5.0,5.0,1.0
1.0,1188.0,312622938.0,13.0,15.0,94.0,76.0,81.0,80.0,20.0,0.0,25.0,4.0,0.0,1.0,2.0,1.0,0.0,5.0,4.0,0.0,4.0,5.0
1.0,3659.0,1200808494.0,11.0,267.0,146.0,59.0,23.0,46.0,66.0,0.0,15.0,6.0,0.0,1.0,2.0,1.0,0.0,2.0,1.0,1.0,2.0,5.0
1.0,9833.0,797196073.0,233.0,531.0,103.0,69.0,90.0,88.0,5.0,0.0,29.0,8.0,0.0,1.0,1.0,0.0,2.0,1.0,5.0,6.0,1.0,6.0
1.0,3257.0,665765558.0,10.0,70.0,164.0,70.0,71.0,58.0,24.0,0.0,7.0,13.0,0.0,1.0,2.0,1.0,0.0,2.0,1.0,1.0,2.0,5.0
1.0,1473.0,263779030.0,2.0,12.0,138.0,69.0,35.0,57.0,12.0,0.0,10.0,9.0,0.0,1.0,2.0,1.0,0.0,2.0,4.0,1.0,6.0,5.0
1.0,2226.0,339473453.0,36.0,11.0,126.0,67.0,37.0,46.0,13.0,0.0,10.0,39.0,0.0,1.0,1.0,0.0,2.0,5.0,4.0,6.0,6.0,6.0
1.0,290.0,135444283.0,9.0,10.0,200.0,39.0,28.0,77.0,4.0,0.0,6.0,29.0,0.0,1.0,2.0,3.0,1.0,4.0,0.0,0.0,8.0,7.0
2.0,2605.0,236872197.0,15.0,50.0,98.0,68.0,33.0,43.0,38.0,0.0,36.0,14.0,0.0,1.0,2.0,1.0,0.0,2.0,1.0,1.0,6.0,5.0
1.0,8737.0,694525298.0,163.0,137.0,107.0,91.0,32.0,56.0,3.0,0.0,11.0,10.0,0.0,1.0,2.0,1.0,0.0,5.0,4.0,1.0,6.0,5.0
1.0,1105.0,240661097.0,32.0,19.0,174.0,58.0,56.0,83.0,5.0,0.0,7.0,4.0,0.0,1.0,1.0,0.0,2.0,1.0,5.0,6.0,1.0,6.0
1.0,2499.0,421365166.0,68.0,43.0,92.0,45.0,27.0,67.0,32.0,0.0,13.0,14.0,0.0,1.0,2.0,1.0,0.0,2.0,1.0,1.0,2.0,5.0
2.0,2697.0,349746291.0,55.0,32.0,90.0,81.0,59.0,83.0,9.0,0.0,11.0,5.0,0.0,1.0,1.0,3.0,1.0,1.0,0.0,6.0,8.0,0.0
1.0,2092.0,255120451.0,75.0,44.0,147.0,60.0,58.0,69.0,2.0,0.0,58.0,4.0,0.0,1.0,2.0,3.0,1.0,4.0,0.0,0.0,7.0,7.0
1.0,1185.0,190981339.0,21.0,31.0,143.0,68.0,41.0,55.0,16.0,0.0,10.0,12.0,0.0,1.0,2.0,1.0,0.0,2.0,1.0,4.0,2.0,2.0
1.0,11985.0,924193303.0,79.0,250.0,101.0,76.0,63.0,71.0,3.0,0.0,10.0,3.0,0.0,1.0,2.0,3.0,1.0,4.0,0.0,6.0,8.0,0.0
1.0,753.0,305771063.0,28.0,13.0,118.0,70.0,54.0,71.0,0.0,0.0,33.0,4.0,0.0,1.0,2.0,1.0,0.0,2.0,1.0,1.0,2.0,5.0
3.0,2995.0,273005485.0,49.0,30.0,98.0,83.0,63.0,74.0,14.0,0.0,16.0,6.0,0.0,1.0,2.0,1.0,0.0,2.0,1.0,1.0,6.0,5.0
1.0,225.0,89566512.0,11.0,7.0,138.0,72.0,22.0,46.0,24.0,0.0,9.0,6.0,0.0,1.0,2.0,1.0,0.0,2.0,1.0,1.0,2.0,5.0
1.0,9243.0,677389855.0,155.0,577.0,114.0,59.0,30.0,62.0,1.0,0.0,8.0,4.0,0.0,1.0,2.0,1.0,0.0,2.0,4.0,1.0,6.0,5.0
2.0,918.0,75476209.0,24.0,52.0,180.0,63.0,45.0,64.0,34.0,0.0,9.0,8.0,0.0,1.0,2.0,1.0,0.0,5.0,4.0,0.0,4.0,5.0
1.0,1959.0,408843328.0,52.0,32.0,145.0,56.0,41.0,57.0,1.0,0.0,13.0,3.0,0.0,1.0,2.0,1.0,0.0,5.0,4.0,0.0,6.0,6.0
3.0,540.0,187772591.0,26.0,39.0,115.0,78.0,63.0,64.0,1.0,0.0,7.0,4.0,0.0,1.0,1.0,0.0,2.0,1.0,5.0,6.0,1.0,6.0
3.0,859.0,178512385.0,14.0,11.0,82.0,79.0,48.0,84.0,13.0,0.0,21.0,23.0,0.0,0.0,0.0,2.0,4.0,3.0,3.0,3.0,3.0,8.0
1.0,1116.0,101780047.0,31.0,15.0,166.0,70.0,22.0,61.0,2.0,0.0,10.0,34.0,0.0,1.0,2.0,3.0,1.0,4.0,0.0,1.0,8.0,0.0
3.0,273.0,118381354.0,12.0,4.0,92.0,86.0,91.0,79.0,29.0,0.0,60.0,16.0,0.0,1.0,1.0,0.0,2.0,1.0,5.0,6.0,1.0,6.0
1.0,686.0,146363130.0,11.0,12.0,108.0,71.0,55.0,44.0,74.0,0.0,11.0,6.0,0.0,1.0,1.0,0.0,2.0,1.0,4.0,6.0,4.0,6.0
1.0,226.0,126443991.0,5.0,4.0,84.0,71.0,63.0,45.0,45.0,0.0,11.0,3.0,0.0,1.0,1.0,0.0,2.0,5.0,4.0,0.0,4.0,6.0
1.0,1264.0,157990698.0,20.0,52.0,95.0,69.0,90.0,91.0,6.0,0.0,35.0,4.0,0.0,1.0,1.0,3.0,1.0,4.0,0.0,6.0,8.0,0.0
4.0,870.0,176290831.0,32.0,49.0,135.0,93.0,77.0,45.0,25.0,0.0,13.0,27.0,0.0,1.0,2.0,1.0,3.0,5.0,1.0,0.0,4.0,1.0
1.0,7556.0,1023187129.0,124.0,254.0,110.0,57.0,6.0,27.0,84.0,0.0,9.0,3.0,0.0,1.0,2.0,1.0,0.0,2.0,1.0,1.0,2.0,5.0
2.0,1370.0,106933107.0,46.0,60.0,88.0,89.0,59.0,64.0,5.0,0.0,19.0,7.0,0.0,1.0,2.0,1.0,0.0,5.0,4.0,4.0,6.0,5.0
1.0,315.0,139193812.0,27.0,31.0,119.0,87.0,28.0,50.0,12.0,0.0,10.0,10.0,0.0,1.0,1.0,0.0,2.0,1.0,5.0,6.0,1.0,3.0
1.0,651.0,212234990.0,6.0,20.0,120.0,58.0,71.0,80.0,15.0,0.0,7.0,41.0,0.0,1.0,1.0,0.0,2.0,1.0,4.0,6.0,6.0,6.0
2.0,625.0,197643795.0,10.0,13.0,98.0,78.0,83.0,75.0,41.0,0.0,27.0,8.0,0.0,1.0,2.0,3.0,1.0,4.0,0.0,0.0,7.0,7.0
1.0,8429.0,807015863.0,85.0,200.0,140.0,45.0,25.0,84.0,21.0,0.0,13.0,6.0,0.0,1.0,2.0,1.0,0.0,2.0,4.0,1.0,6.0,9.0
1.0,3436.0,499710590.0,32.0,46.0,124.0,86.0,62.0,49.0,51.0,0.0,35.0,21.0,0.0,1.0,2.0,1.0,0.0,5.0,1.0,0.0,4.0,5.0
6.0,918.0,120847157.0,34.0,30.0,105.0,91.0,73.0,72.0,13.0,0.0,9.0,15.0,0.0,1.0,1.0,0.0,2.0,1.0,5.0,6.0,1.0,6.0
1.0,181.0,53909146.0,16.0,7.0,118.0,68.0,24.0,58.0,44.0,0.0,6.0,3.0,0.0,1.0,2.0,1.0,0.0,2.0,1.0,1.0,2.0,9.0
1.0,5542.0,301242089.0,52.0,65.0,140.0,81.0,39.0,66.0,38.0,0.0,12.0,14.0,0.0,0.0,0.0,2.0,4.0,3.0,2.0,4.0,0.0,2.0
1.0,9021.0,723894473.0,242.0,272.0,109.0,84.0,72.0,74.0,10.0,0.0,34.0,7.0,0.0,1.0,2.0,1.0,3.0,5.0,1.0,5.0,5.0,1.0
3.0,4627.0,237351106.0,38.0,32.0,101.0,78.0,40.0,74.0,36.0,0.0,17.0,27.0,0.0,1.0,1.0,0.0,2.0,1.0,5.0,6.0,1.0,6.0
1.0,2229.0,461558540.0,27.0,24.0,78.0,56.0,61.0,90.0,36.0,0.0,18.0,31.0,0.0,1.0,2.0,1.0,0.0,2.0,1.0,0.0,4.0,5.0
1.0,1112.0,417230415.0,7.0,13.0,93.0,79.0,22.0,55.0,31.0,0.0,12.0,5.0,0.0,1.0,2.0,1.0,0.0,5.0,4.0,0.0,6.0,6.0
1.0,2575.0,156898322.0,4.0,12.0,87.0,52.0,32.0,83.0,24.0,0.0,17.0,43.0,0.0,1.0,2.0,1.0,0.0,2.0,2.0,4.0,0.0,2.0
2.0,3107.0,127309180.0,4.0,22.0,153.0,55.0,50.0,78.0,19.0,0.0,11.0,35.0,0.0,1.0,2.0,3.0,1.0,4.0,0.0,0.0,7.0,7.0
1.0,1179.0,313113297.0,7.0,11.0,142.0,87.0,93.0,59.0,28.0,0.0,17.0,5.0,0.0,1.0,2.0,1.0,0.0,2.0,1.0,1.0,2.0,5.0
1.0,3486.0,173702135.0,20.0,33.0,96.0,85.0,41.0,43.0,39.0,0.0,12.0,21.0,0.0,1.0,2.0,3.0,1.0,4.0,0.0,1.0,8.0,0.0
2.0,2942.0,271666301.0,42.0,43.0,125.0,50.0,39.0,78.0,4.0,0.0,11.0,33.0,0.0,0.0,0.0,1.0,3.0,5.0,2.0,4.0,0.0,2.0
1.0,1443.0,305650299.0,9.0,22.0,85.0,71.0,43.0,65.0,23.0,0.0,9.0,5.0,0.0,1.0,1.0,1.0,3.0,5.0,4.0,5.0,4.0,1.0
2.0,3028.0,123216717.0,22.0,23.0,140.0,92.0,78.0,57.0,46.0,0.0,14.0,9.0,0.0,1.0,2.0,1.0,0.0,2.0,1.0,1.0,2.0,5.0
2.0,1796.0,479655659.0,8.0,18.0,196.0,66.0,58.0,79.0,23.0,0.0,22.0,20.0,0.0,1.0,2.0,1.0,0.0,2.0,1.0,1.0,2.0,5.0
1.0,2729.0,126191104.0,3.0,13.0,134.0,78.0,51.0,43.0,69.0,0.0,14.0,9.0,0.0,1.0,2.0,1.0,0.0,2.0,1.0,1.0,2.0,5.0
2.0,1195.0,344055883.0,8.0,13.0,103.0,80.0,45.0,62.0,76.0,0.0,10.0,38.0,0.0,1.0,1.0,0.0,2.0,5.0,4.0,0.0,6.0,6.0
1.0,892.0,338422004.0,10.0,11.0,130.0,82.0,50.0,67.0,12.0,0.0,13.0,5.0,0.0,1.0,2.0,1.0,0.0,5.0,2.0,4.0,0.0,2.0
2.0,1635.0,68895644.0,4.0,6.0,108.0,65.0,52.0,69.0,31.0,0.0,8.0,36.0,0.0,0.0,1.0,0.0,2.0,0.0,5.0,2.0,1.0,3.0
3.0,2291.0,86176890.0,9.0,8.0,123.0,61.0,66.0,71.0,53.0,0.0,32.0,46.0,0.0,1.0,2.0,1.0,0.0,2.0,1.0,1.0,2.0,5.0
1.0,1029.0,403231558.0,5.0,9.0,152.0,84.0,74.0,69.0,21.0,0.0,18.0,6.0,0.0,1.0,1.0,0.0,2.0,1.0,5.0,6.0,1.0,3.0
2.0,1681.0,319546754.0,10.0,13.0,108.0,78.0,55.0,60.0,59.0,0.0,7.0,4.0,0.0,1.0,2.0,1.0,0.0,2.0,1.0,1.0,6.0,5.0
1.0,1480.0,61739839.0,1.0,5.0,72.0,56.0,56.0,47.0,76.0,0.0,8.0,36.0,0.0,1.0,1.0,0.0,2.0,1.0,5.0,6.0,1.0,6.0
1.0,829.0,283359161.0,4.0,10.0,121.0,86.0,67.0,65.0,42.0,0.0,35.0,7.0,0.0,1.0,2.0,1.0,0.0,2.0,1.0,1.0,2.0,5.0
3.0,2308.0,76831876.0,7.0,7.0,138.0,57.0,71.0,82.0,19.0,0.0,15.0,29.0,0.0,0.0,0.0,2.0,4.0,5.0,6.0,7.0,0.0,4.0
1.0,1004.0,283332261.0,8.0,9.0,188.0,50.0,41.0,50.0,69.0,0.0,12.0,6.0,0.0,0.0,0.0,2.0,4.0,3.0,2.0,4.0,0.0,2.0
2.0,1367.0,307752576.0,48.0,34.0,110.0,80.0,26.0,85.0,23.0,0.0,11.0,21.0,0.0,1.0,2.0,1.0,0.0,2.0,1.0,1.0,2.0,9.0
1.0,1112.0,279737940.0,7.0,12.0,105.0,81.0,77.0,79.0,19.0,0.0,47.0,8.0,0.0,1.0,1.0,0.0,2.0,5.0,4.0,0.0,4.0,6.0
1.0,1209.0,212351890.0,9.0,14.0,118.0,63.0,60.0,70.0,5.0,0.0,9.0,31.0,0.0,1.0,2.0,1.0,3.0,2.0,1.0,5.0,2.0,1.0
2.0,9539.0,1304313953.0,162.0,355.0,176.0,61.0,24.0,62.0,60.0,0.0,24.0,31.0,0.0,1.0,2.0,1.0,0.0,2.0,1.0,1.0,2.0,5.0
1.0,1992.0,150500965.0,35.0,3.0,158.0,83.0,41.0,65.0,0.0,10.0,11.0,8.0,0.0,1.0,2.0,1.0,0.0,2.0,4.0,1.0,6.0,5.0
1.0,897.0,246127838.0,6.0,8.0,115.0,85.0,72.0,58.0,9.0,0.0,49.0,12.0,0.0,1.0,2.0,1.0,3.0,5.0,4.0,5.0,5.0,1.0
1.0,2948.0,582863434.0,10.0,150.0,110.0,51.0,48.0,82.0,0.0,0.0,5.0,3.0,0.0,1.0,2.0,1.0,0.0,5.0,4.0,1.0,6.0,5.0
2.0,1860.0,58687425.0,1.0,3.0,174.0,73.0,26.0,54.0,30.0,0.0,34.0,32.0,0.0,1.0,2.0,1.0,0.0,2.0,2.0,4.0,6.0,2.0
2.0,802.0,212109195.0,16.0,23.0,130.0,91.0,91.0,96.0,3.0,0.0,3.0,9.0,0.0,1.0,2.0,1.0,3.0,5.0,4.0,5.0,5.0,1.0
1.0,2224.0,382199619.0,48.0,87.0,78.0,36.0,30.0,54.0,34.0,0.0,14.0,5.0,0.0,1.0,2.0,1.0,0.0,5.0,4.0,0.0,6.0,7.0
1.0,1103.0,41210087.0,0.0,0.0,104.0,44.0,74.0,42.0,88.0,0.0,9.0,9.0,0.0,1.0,2.0,3.0,1.0,4.0,0.0,1.0,7.0,7.0
1.0,2265.0,231657891.0,93.0,173.0,121.0,64.0,80.0,88.0,0.0,0.0,12.0,6.0,0.0,1.0,2.0,3.0,1.0,4.0,0.0,1.0,8.0,7.0
1.0,555.0,53729194.0,10.0,4.0,105.0,83.0,32.0,82.0,14.0,0.0,12.0,4.0,0.0,1.0,2.0,1.0,0.0,2.0,1.0,1.0,2.0,5.0
1.0,2050.0,244741137.0,52.0,46.0,81.0,38.0,20.0,66.0,9.0,0.0,9.0,8.0,0.0,1.0,2.0,1.0,0.0,5.0,4.0,0.0,4.0,7.0
1.0,1493.0,42485571.0,2.0,10.0,170.0,37.0,14.0,24.0,80.0,0.0,11.0,4.0,0.0,1.0,2.0,1.0,3.0,5.0,2.0,4.0,0.0,2.0
1.0,1545.0,37778188.0,1.0,4.0,78.0,43.0,60.0,38.0,76.0,1.0,48.0,38.0,0.0,1.0,2.0,3.0,1.0,4.0,0.0,0.0,8.0,0.0
1.0,2350.0,254218729.0,28.0,23.0,125.0,88.0,28.0,66.0,6.0,0.0,13.0,31.0,0.0,1.0,2.0,3.0,1.0,4.0,0.0,0.0,8.0,7.0
1.0,1929.0,53603447.0,2.0,4.0,92.0,66.0,29.0,65.0,23.0,0.0,8.0,7.0,0.0,1.0,2.0,1.0,0.0,2.0,1.0,1.0,2.0,5.0
1.0,710.0,160035717.0,16.0,18.0,140.0,84.0,61.0,42.0,31.0,0.0,9.0,9.0,0.0,1.0,2.0,1.0,0.0,5.0,4.0,0.0,6.0,6.0
2.0,928.0,164163229.0,19.0,7.0,96.0,61.0,32.0,90.0,25.0,0.0,10.0,9.0,0.0,1.0,2.0,3.0,1.0,4.0,0.0,0.0,8.0,0.0
1.0,1194.0,37091576.0,0.0,3.0,118.0,66.0,83.0,43.0,84.0,0.0,19.0,19.0,0.0,1.0,2.0,1.0,0.0,5.0,4.0,0.0,4.0,5.0
2.0,349.0,284249832.0,10.0,3.0,92.0,71.0,67.0,60.0,7.0,0.0,6.0,4.0,0.0,1.0,2.0,3.0,1.0,4.0,0.0,0.0,8.0,0.0
2.0,1890.0,33381454.0,3.0,2.0,140.0,49.0,50.0,37.0,87.0,0.0,11.0,35.0,0.0,1.0,2.0,1.0,0.0,5.0,4.0,0.0,4.0,5.0
2.0,1308.0,184622518.0,23.0,9.0,174.0,68.0,45.0,71.0,18.0,0.0,11.0,25.0,0.0,1.0,2.0,1.0,0.0,5.0,4.0,0.0,4.0,5.0
2.0,4531.0,300983101.0,135.0,119.0,127.0,77.0,53.0,78.0,19.0,0.0,29.0,4.0,0.0,1.0,2.0,1.0,0.0,2.0,1.0,1.0,2.0,5.0
2.0,1657.0,121077868.0,15.0,3.0,96.0,71.0,37.0,52.0,62.0,0.0,11.0,36.0,0.0,1.0,2.0,1.0,0.0,2.0,1.0,1.0,2.0,5.0
2.0,1351.0,106919680.0,26.0,17.0,150.0,82.0,82.0,66.0,13.0,0.0,11.0,6.0,0.0,1.0,1.0,0.0,2.0,5.0,4.0,0.0,4.0,6.0
1.0,608.0,136996305.0,5.0,14.0,100.0,87.0,46.0,60.0,1.0,0.0,13.0,16.0,0.0,1.0,2.0,1.0,0.0,2.0,1.0,1.0,2.0,5.0
1.0,1211.0,65719930.0,31.0,19.0,105.0,73.0,59.0,81.0,13.0,0.0,9.0,6.0,0.0,1.0,2.0,1.0,0.0,2.0,1.0,1.0,2.0,9.0
1.0,629.0,229497852.0,18.0,9.0,104.0,86.0,43.0,62.0,5.0,0.0,13.0,14.0,0.0,1.0,2.0,1.0,0.0,2.0,1.0,1.0,2.0,5.0
1.0,1301.0,185550869.0,23.0,15.0,154.0,54.0,45.0,79.0,1.0,0.0,17.0,5.0,0.0,1.0,2.0,1.0,0.0,2.0,1.0,1.0,2.0,5.0
1.0,1329.0,54682594.0,42.0,32.0,80.0,47.0,33.0,83.0,18.0,0.0,10.0,5.0,0.0,1.0,2.0,1.0,0.0,2.0,1.0,1.0,2.0,5.0
2.0,343.0,240580042.0,4.0,11.0,150.0,53.0,14.0,43.0,64.0,0.0,13.0,3.0,0.0,1.0,2.0,1.0,3.0,2.0,1.0,1.0,2.0,5.0
1.0,13101.0,1284942608.0,137.0,582.0,156.0,32.0,49.0,72.0,0.0,0.0,9.0,4.0,0.0,1.0,2.0,1.0,0.0,5.0,2.0,4.0,0.0,2.0
1.0,2939.0,71423324.0,29.0,30.0,98.0,76.0,79.0,81.0,18.0,0.0,6.0,34.0,0.0,1.0,2.0,1.0,3.0,2.0,1.0,5.0,2.0,1.0
1.0,407.0,244891912.0,5.0,5.0,92.0,58.0,27.0,36.0,86.0,0.0,9.0,3.0,0.0,1.0,2.0,1.0,0.0,2.0,1.0,1.0,2.0,5.0
1.0,1492.0,132171975.0,26.0,15.0,144.0,47.0,7.0,50.0,32.0,0.0,7.0,4.0,0.0,0.0,0.0,2.0,4.0,0.0,2.0,2.0,0.0,2.0
1.0,2264.0,184706613.0,11.0,25.0,150.0,37.0,27.0,56.0,8.0,0.0,13.0,3.0,0.0,1.0,2.0,1.0,0.0,5.0,6.0,7.0,4.0,4.0
1.0,801.0,184826429.0,42.0,24.0,138.0,70.0,31.0,44.0,84.0,0.0,9.0,39.0,0.0,1.0,2.0,1.0,3.0,2.0,1.0,5.0,2.0,5.0
1.0,829.0,302006641.0,32.0,26.0,172.0,56.0,68.0,89.0,4.0,0.0,33.0,19.0,0.0,1.0,2.0,3.0,1.0,4.0,0.0,1.0,8.0,7.0
1.0,736.0,330881149.0,5.0,17.0,77.0,72.0,70.0,82.0,2.0,0.0,4.0,17.0,0.0,1.0,2.0,1.0,0.0,5.0,4.0,0.0,4.0,5.0
1.0,4449.0,334733572.0,80.0,66.0,107.0,72.0,36.0,72.0,26.0,6.0,11.0,4.0,0.0,1.0,2.0,1.0,0.0,2.0,1.0,1.0,2.0,5.0
1.0,3218.0,366214458.0,29.0,79.0,114.0,51.0,39.0,29.0,90.0,0.0,10.0,4.0,0.0,1.0,2.0,3.0,1.0,4.0,0.0,0.0,7.0,7.0
1.0,327.0,114546317.0,5.0,12.0,117.0,63.0,29.0,51.0,43.0,0.0,25.0,4.0,0.0,1.0,1.0,0.0,2.0,1.0,6.0,7.0,1.0,4.0
1.0,2775.0,290833204.0,21.0,40.0,146.0,69.0,63.0,45.0,48.0,0.0,18.0,4.0,0.0,0.0,1.0,0.0,2.0,0.0,5.0,2.0,1.0,3.0
1.0,4576.0,448500832.0,79.0,93.0,160.0,80.0,74.0,60.0,8.0,0.0,14.0,26.0,0.0,1.0,2.0,1.0,3.0,5.0,4.0,5.0,5.0,1.0
4.0,2313.0,136676504.0,34.0,29.0,120.0,88.0,15.0,56.0,1.0,0.0,8.0,6.0,0.0,1.0,2.0,1.0,0.0,2.0,1.0,1.0,6.0,5.0
3.0,3983.0,190625045.0,73.0,119.0,100.0,82.0,76.0,70.0,16.0,0.0,8.0,5.0,0.0,1.0,1.0,0.0,2.0,5.0,4.0,0.0,6.0,6.0
1.0,279.0,79095270.0,0.0,6.0,158.0,60.0,68.0,84.0,4.0,0.0,24.0,11.0,0.0,1.0,2.0,1.0,0.0,2.0,1.0,1.0,2.0,5.0
1.0,2302.0,273194684.0,20.0,39.0,142.0,56.0,40.0,54.0,72.0,0.0,10.0,4.0,0.0,1.0,2.0,1.0,0.0,2.0,1.0,1.0,2.0,5.0
4.0,3559.0,333146475.0,36.0,31.0,170.0,80.0,77.0,85.0,11.0,0.0,17.0,14.0,0.0,1.0,1.0,0.0,2.0,5.0,6.0,7.0,4.0,4.0
2.0,2129.0,194902696.0,23.0,44.0,84.0,71.0,39.0,86.0,2.0,0.0,51.0,25.0,0.0,1.0,1.0,0.0,2.0,5.0,4.0,0.0,4.0,6.0
1.0,3291.0,311482393.0,43.0,79.0,139.0,58.0,30.0,46.0,14.0,0.0,9.0,3.0,0.0,1.0,2.0,1.0,3.0,5.0,4.0,5.0,5.0,1.0
1.0,5328.0,195918494.0,54.0,900.0,151.0,73.0,88.0,67.0,20.0,0.0,32.0,5.0,0.0,1.0,2.0,1.0,0.0,2.0,1.0,1.0,2.0,9.0
2.0,1401.0,248511839.0,26.0,17.0,128.0,82.0,42.0,75.0,6.0,0.0,63.0,6.0,0.0,1.0,2.0,1.0,3.0,5.0,1.0,5.0,5.0,1.0
1.0,1933.0,233671263.0,13.0,31.0,118.0,56.0,20.0,54.0,67.0,0.0,6.0,5.0,0.0,1.0,1.0,1.0,0.0,5.0,4.0,0.0,4.0,6.0
1.0,1986.0,199587884.0,7.0,15.0,183.0,65.0,88.0,72.0,36.0,14.0,20.0,3.0,0.0,1.0,1.0,0.0,2.0,5.0,4.0,6.0,4.0,6.0
1.0,1057.0,91781263.0,51.0,19.0,83.0,63.0,29.0,62.0,4.0,0.0,18.0,4.0,0.0,1.0,2.0,1.0,0.0,2.0,1.0,1.0,2.0,5.0
2.0,5115.0,383835984.0,109.0,301.0,122.0,85.0,42.0,80.0,6.0,0.0,17.0,14.0,0.0,1.0,2.0,1.0,0.0,5.0,4.0,0.0,4.0,5.0
1.0,2094.0,236060709.0,8.0,18.0,165.0,72.0,90.0,48.0,32.0,0.0,18.0,23.0,0.0,1.0,2.0,1.0,3.0,5.0,1.0,5.0,5.0,1.0
1.0,2171.0,189236868.0,18.0,28.0,106.0,83.0,90.0,64.0,35.0,5.0,9.0,4.0,0.0,1.0,2.0,1.0,0.0,5.0,4.0,0.0,4.0,6.0
2.0,896.0,160845341.0,19.0,15.0,77.0,81.0,68.0,58.0,83.0,0.0,11.0,34.0,0.0,1.0,2.0,3.0,1.0,4.0,0.0,0.0,8.0,7.0
1.0,5148.0,588955257.0,90.0,365.0,91.0,57.0,30.0,89.0,10.0,0.0,33.0,8.0,0.0,1.0,2.0,3.0,1.0,4.0,0.0,1.0,8.0,7.0
1.0,2528.0,238350348.0,63.0,270.0,148.0,51.0,21.0,63.0,5.0,0.0,41.0,3.0,0.0,1.0,2.0,3.0,1.0,4.0,0.0,0.0,8.0,0.0
1.0,1900.0,187703102.0,15.0,23.0,114.0,71.0,90.0,81.0,31.0,2.0,13.0,3.0,0.0,1.0,2.0,3.0,1.0,4.0,0.0,0.0,8.0,7.0
2.0,3879.0,295307001.0,107.0,86.0,120.0,91.0,63.0,77.0,12.0,1.0,10.0,5.0,0.0,1.0,2.0,1.0,3.0,2.0,1.0,5.0,2.0,1.0
2.0,896.0,138334433.0,0.0,2.0,92.0,83.0,56.0,82.0,10.0,0.0,9.0,5.0,0.0,1.0,1.0,3.0,1.0,4.0,0.0,6.0,8.0,0.0
1.0,8775.0,445590495.0,33.0,107.0,118.0,56.0,25.0,45.0,1.0,3.0,7.0,3.0,0.0,1.0,1.0,0.0,1.0,5.0,4.0,0.0,6.0,6.0
3.0,5290.0,286739476.0,139.0,142.0,123.0,60.0,46.0,71.0,3.0,0.0,16.0,4.0,0.0,1.0,2.0,3.0,1.0,4.0,0.0,0.0,8.0,7.0
1.0,10211.0,1122364376.0,38.0,65.0,89.0,52.0,28.0,48.0,54.0,1.0,19.0,3.0,0.0,1.0,1.0,0.0,2.0,1.0,5.0,6.0,1.0,6.0
1.0,584.0,157136970.0,12.0,8.0,110.0,81.0,61.0,93.0,49.0,0.0,12.0,11.0,0.0,1.0,2.0,1.0,3.0,5.0,4.0,5.0,6.0,1.0
1.0,1517.0,137070925.0,26.0,30.0,118.0,42.0,32.0,20.0,94.0,0.0,11.0,4.0,0.0,1.0,1.0,0.0,2.0,1.0,5.0,6.0,1.0,6.0
1.0,246.0,183273246.0,4.0,0.0,90.0,68.0,54.0,76.0,21.0,0.0,11.0,20.0,0.0,1.0,2.0,1.0,0.0,5.0,4.0,0.0,6.0,5.0
1.0,220.0,184807630.0,16.0,0.0,130.0,49.0,14.0,40.0,82.0,0.0,11.0,3.0,0.0,1.0,1.0,0.0,2.0,1.0,5.0,6.0,1.0,3.0
1.0,514.0,164856284.0,5.0,1.0,154.0,70.0,97.0,62.0,47.0,0.0,10.0,4.0,0.0,1.0,2.0,1.0,0.0,5.0,4.0,0.0,4.0,5.0
1.0,6080.0,704171068.0,112.0,406.0,105.0,54.0,59.0,83.0,0.0,44.0,20.0,4.0,0.0,1.0,1.0,0.0,2.0,1.0,6.0,6.0,1.0,4.0
1.0,9724.0,354614964.0,222.0,259.0,115.0,70.0,87.0,88.0,4.0,0.0,26.0,8.0,0.0,1.0,2.0,3.0,1.0,4.0,0.0,1.0,2.0,7.0
5.0,2341.0,279717388.0,37.0,38.0,110.0,91.0,59.0,82.0,8.0,0.0,6.0,8.0,0.0,1.0,2.0,1.0,0.0,5.0,4.0,0.0,4.0,6.0
1.0,5263.0,195628667.0,66.0,61.0,125.0,51.0,5.0,68.0,12.0,2.0,15.0,6.0,0.0,1.0,2.0,3.0,1.0,4.0,0.0,0.0,8.0,7.0
1.0,2402.0,221752937.0,45.0,26.0,102.0,73.0,62.0,75.0,0.0,0.0,34.0,8.0,0.0,1.0,2.0,3.0,1.0,4.0,0.0,0.0,8.0,0.0
1.0,795.0,263280370.0,26.0,15.0,120.0,81.0,72.0,65.0,4.0,0.0,14.0,4.0,0.0,1.0,2.0,1.0,0.0,5.0,4.0,1.0,6.0,5.0
1.0,571.0,213505179.0,19.0,14.0,97.0,80.0,36.0,86.0,4.0,0.0,3.0,5.0,0.0,1.0,1.0,0.0,2.0,1.0,5.0,6.0,1.0,6.0
2.0,832.0,130419412.0,18.0,24.0,140.0,44.0,41.0,92.0,0.0,0.0,44.0,7.0,0.0,1.0,1.0,0.0,2.0,1.0,5.0,6.0,1.0,3.0
1.0,565.0,155795783.0,6.0,11.0,97.0,78.0,31.0,72.0,1.0,0.0,11.0,4.0,0.0,1.0,2.0,1.0,0.0,2.0,1.0,1.0,2.0,5.0
1.0,4526.0,293466523.0,156.0,150.0,88.0,80.0,55.0,56.0,13.0,0.0,8.0,9.0,0.0,1.0,2.0,1.0,0.0,5.0,4.0,0.0,6.0,6.0
1.0,1818.0,711366595.0,3.0,63.0,170.0,56.0,52.0,64.0,11.0,0.0,45.0,7.0,,,,,,,,,,
1.0,2814.0,191448892.0,38.0,25.0,137.0,88.0,8.0,49.0,9.0,0.0,9.0,14.0,,,,,,,,,,
3.0,1601.0,85924992.0,11.0,2.0,157.0,88.0,52.0,69.0,0.0,0.0,8.0,23.0,,,,,,,,,,
3.0,894.0,176103902.0,28.0,54.0,130.0,95.0,83.0,57.0,54.0,0.0,10.0,25.0,,,,,,,,,,
3.0,945.0,121189256.0,49.0,57.0,90.0,85.0,80.0,83.0,10.0,0.0,8.0,11.0,,,,,,,,,,
1.0,767.0,131746175.0,25.0,22.0,183.0,44.0,44.0,67.0,7.0,0.0,12.0,13.0,,,,,,,,,,
1.0,5898.0,244790012.0,129.0,128.0,128.0,58.0,68.0,91.0,2.0,0.0,27.0,11.0,,,,,,,,,,
3.0,685.0,129314708.0,17.0,24.0,130.0,71.0,78.0,40.0,46.0,0.0,7.0,45.0,,,,,,,,,,
1.0,1452.0,331511413.0,16.0,20.0,126.0,63.0,56.0,43.0,24.0,0.0,12.0,23.0,,,,,,,,,,
3.0,1456.0,219196651.0,53.0,33.0,120.0,77.0,94.0,87.0,2.0,0.0,23.0,12.0,,,,,,,,,,
3.0,2107.0,170732845.0,51.0,50.0,130.0,72.0,18.0,46.0,7.0,0.0,28.0,8.0,,,,,,,,,,
1.0,1494.0,273914335.0,17.0,15.0,122.0,70.0,46.0,76.0,30.0,0.0,9.0,45.0,,,,,,,,,,
1.0,1379.0,179061440.0,23.0,18.0,172.0,74.0,46.0,58.0,15.0,0.0,13.0,8.0,,,,,,,,,,
1.0,625.0,185236961.0,13.0,12.0,103.0,61.0,38.0,62.0,14.0,0.0,23.0,40.0,,,,,,,,,,
1.0,2688.0,171788484.0,39.0,36.0,122.0,55.0,46.0,64.0,0.0,0.0,17.0,10.0,,,,,,,,,,
1.0,2668.0,387080183.0,38.0,78.0,130.0,47.0,56.0,90.0,0.0,0.0,10.0,4.0,,,,,,,,,,
1.0,799.0,264717480.0,14.0,9.0,105.0,81.0,70.0,65.0,24.0,0.0,8.0,4.0,,,,,,,,,,
1.0,1189.0,244928911.0,17.0,16.0,120.0,90.0,73.0,51.0,39.0,0.0,9.0,6.0,,,,,,,,,,
1.0,367.0,97610446.0,28.0,195.0,145.0,56.0,43.0,53.0,24.0,0.0,12.0,4.0,,,,,,,,,,
2.0,527.0,287278853.0,10.0,3.0,99.0,79.0,64.0,59.0,28.0,0.0,11.0,14.0,,,,,,,,,,
4.0,3113.0,123473120.0,54.0,124.0,126.0,81.0,90.0,73.0,28.0,0.0,29.0,4.0,,,,,,,,,,
2.0,685.0,295152154.0,15.0,4.0,136.0,77.0,71.0,75.0,33.0,1.0,13.0,4.0,,,,,,,,,,
2.0,782.0,323455692.0,15.0,6.0,113.0,70.0,97.0,59.0,55.0,0.0,27.0,12.0,,,,,,,,,,
3.0,2442.0,240918092.0,81.0,248.0,132.0,82.0,49.0,88.0,20.0,0.0,21.0,3.0,,,,,,,,,,
3.0,1112.0,191873381.0,22.0,65.0,135.0,77.0,74.0,74.0,47.0,0.0,34.0,8.0,,,,,,,,,,
2.0,4967.0,284216603.0,165.0,177.0,126.0,67.0,49.0,77.0,11.0,0.0,19.0,11.0,,,,,,,,,,
1.0,2520.0,239411309.0,93.0,84.0,102.0,67.0,72.0,74.0,30.0,0.0,36.0,4.0,,,,,,,,,,
1.0,767.0,265548837.0,20.0,11.0,125.0,68.0,80.0,92.0,10.0,0.0,9.0,12.0,,,,,,,,,,
1.0,19806.0,703301727.0,33.0,274.0,149.0,37.0,28.0,66.0,14.0,0.0,9.0,5.0,,,,,,,,,,
2.0,5153.0,244585109.0,102.0,113.0,137.0,74.0,71.0,89.0,24.0,61.0,15.0,5.0,,,,,,,,,,
1.0,615.0,189476119.0,14.0,15.0,120.0,77.0,78.0,91.0,14.0,0.0,33.0,12.0,,,,,,,,,,
1.0,2537.0,277132266.0,49.0,67.0,100.0,90.0,75.0,50.0,11.0,0.0,9.0,26.0,,,,,,,,,,
1.0,1647.0,278920007.0,20.0,23.0,164.0,70.0,58.0,57.0,25.0,0.0,15.0,7.0,,,,,,,,,,
1.0,2019.0,222410722.0,117.0,107.0,93.0,65.0,79.0,66.0,31.0,0.0,22.0,7.0,,,,,,,,,,
1.0,1473.0,185392587.0,25.0,25.0,180.0,65.0,52.0,80.0,5.0,0.0,6.0,25.0,,,,,,,,,,
1.0,1613.0,202452860.0,21.0,13.0,79.0,34.0,22.0,31.0,43.0,63.0,10.0,7.0,,,,,,,,,,
1.0,10826.0,624101957.0,24.0,805.0,103.0,37.0,17.0,27.0,75.0,5.0,10.0,3.0,,,,,,,,,,
1.0,920.0,148461629.0,10.0,8.0,140.0,70.0,26.0,76.0,8.0,0.0,54.0,23.0,,,,,,,,,,
2.0,308.0,47093942.0,6.0,6.0,92.0,81.0,48.0,70.0,13.0,0.0,15.0,7.0,,,,,,,,,,
1.0,2468.0,380319238.0,15.0,0.0,102.0,64.0,4.0,60.0,11.0,0.0,19.0,4.0,,,,,,,,,,
2.0,1097.0,209106362.0,18.0,13.0,118.0,82.0,75.0,85.0,33.0,1.0,11.0,4.0,,,,,,,,,,
1.0,330.0,53987404.0,3.0,2.0,93.0,78.0,75.0,62.0,6.0,0.0,15.0,6.0,,,,,,,,,,
1.0,1584.0,115331792.0,38.0,24.0,150.0,70.0,26.0,56.0,14.0,83.0,11.0,5.0,,,,,,,,,,
1.0,1585.0,225093344.0,78.0,328.0,130.0,52.0,24.0,60.0,0.0,0.0,8.0,3.0,,,,,,,,,,
2.0,766.0,84697729.0,16.0,9.0,83.0,65.0,24.0,53.0,6.0,0.0,51.0,4.0,,,,,,,,,,
4.0,836.0,159240673.0,14.0,13.0,102.0,84.0,43.0,75.0,5.0,0.0,6.0,8.0,,,,,,,,,,
1.0,430.0,170709584.0,14.0,9.0,136.0,73.0,65.0,91.0,4.0,0.0,48.0,18.0,,,,,,,,,,
1.0,2020.0,154356956.0,77.0,119.0,145.0,66.0,24.0,58.0,17.0,0.0,19.0,5.0,,,,,,,,,,
1.0,6858.0,723043854.0,31.0,15.0,130.0,57.0,24.0,37.0,11.0,18.0,16.0,3.0,,,,,,,,,,
1.0,3682.0,247689123.0,41.0,158.0,156.0,72.0,92.0,77.0,9.0,0.0,8.0,11.0,,,,,,,,,,
1.0,1639.0,176474912.0,86.0,80.0,123.0,57.0,50.0,85.0,5.0,0.0,16.0,4.0,,,,,,,,,,
1.0,452.0,235549288.0,2.0,13.0,132.0,92.0,53.0,62.0,7.0,0.0,63.0,10.0,,,,,,,,,,
2.0,668.0,140430339.0,0.0,31.0,125.0,49.0,13.0,74.0,0.0,0.0,9.0,4.0,,,,,,,,,,
1.0,991.0,85559365.0,36.0,13.0,162.0,74.0,22.0,67.0,0.0,0.0,11.0,46.0,,,,,,,,,,
3.0,869.0,146223492.0,14.0,12.0,138.0,80.0,82.0,81.0,14.0,0.0,13.0,36.0,,,,,,,,,,
3.0,648.0,187701588.0,0.0,30.0,161.0,59.0,62.0,60.0,12.0,0.0,5.0,44.0,,,,,,,,,,
2.0,1545.0,154863153.0,22.0,15.0,131.0,91.0,23.0,55.0,1.0,0.0,7.0,32.0,,,,,,,,,,
3.0,1930.0,191333656.0,24.0,17.0,122.0,75.0,45.0,63.0,6.0,0.0,35.0,12.0,,,,,,,,,,
1.0,1948.0,253650850.0,12.0,16.0,80.0,80.0,16.0,28.0,17.0,0.0,12.0,39.0,,,,,,,,,,
1.0,1608.0,223064273.0,10.0,12.0,109.0,75.0,11.0,50.0,20.0,0.0,30.0,17.0,,,,,,,,,,
2.0,1338.0,170413877.0,9.0,7.0,158.0,84.0,33.0,36.0,2.0,0.0,39.0,59.0,,,,,,,,,,
1.0,1936.0,218320587.0,7.0,13.0,126.0,66.0,12.0,35.0,55.0,0.0,9.0,14.0,,,,,,,,,,
2.0,1794.0,141720999.0,26.0,17.0,104.0,73.0,25.0,61.0,1.0,0.0,32.0,7.0,,,,,,,,,,
1.0,1597.0,187339835.0,6.0,15.0,110.0,48.0,15.0,31.0,80.0,22.0,12.0,4.0,,,,,,,,,,
2.0,1652.0,198365537.0,26.0,10.0,130.0,77.0,20.0,70.0,1.0,0.0,16.0,5.0,,,,,,,,,,
1.0,1747.0,186104310.0,9.0,13.0,177.0,34.0,39.0,16.0,97.0,0.0,12.0,5.0,,,,,,,,,,
1.0,1715.0,177503916.0,4.0,8.0,158.0,48.0,55.0,84.0,43.0,0.0,15.0,12.0,,,,,,,,,,
2.0,486.0,71095708.0,8.0,7.0,114.0,62.0,25.0,44.0,51.0,33.0,14.0,3.0,,,,,,,,,,
2.0,1007.0,112436403.0,6.0,3.0,144.0,93.0,62.0,61.0,0.0,0.0,12.0,20.0,,,,,,,,,,
1.0,481.0,203436468.0,10.0,15.0,125.0,54.0,22.0,76.0,0.0,0.0,14.0,3.0,,,,,,,,,,
1.0,1045.0,93367537.0,8.0,2.0,142.0,85.0,40.0,43.0,4.0,0.0,39.0,32.0,,,,,,,,,,
2.0,1060.0,106249219.0,3.0,5.0,120.0,64.0,11.0,53.0,1.0,0.0,25.0,27.0,,,,,,,,,,
1.0,1274.0,181382590.0,1.0,11.0,96.0,57.0,55.0,74.0,22.0,0.0,8.0,4.0,,,,,,,,,,
1.0,953.0,91473363.0,61.0,37.0,144.0,60.0,24.0,39.0,57.0,0.0,8.0,3.0,,,,,,,,,,
1.0,1180.0,121871870.0,4.0,8.0,166.0,42.0,7.0,24.0,83.0,1.0,12.0,6.0,,,,,,,,,,
2.0,573.0,73513683.0,2.0,7.0,92.0,80.0,81.0,67.0,4.0,0.0,8.0,6.0,,,,,,,,,,
3.0,1320.0,133895612.0,29.0,17.0,97.0,82.0,67.0,77.0,8.0,0.0,12.0,5.0,,,,,,,,,,
1.0,782.0,96007391.0,27.0,32.0,90.0,61.0,32.0,67.0,15.0,0.0,11.0,5.0,,,,,,,,,,
,,,,,,,,,,,,,0.0,1.0,1.0,1.0,3.0,5.0,4.0,5.0,5.0,1.0
,,,,,,,,,,,,,0.0,0.0,0.0,2.0,4.0,3.0,2.0,4.0,0.0,2.0
,,,,,,,,,,,,,0.0,1.0,2.0,3.0,1.0,4.0,0.0,1.0,8.0,7.0
,,,,,,,,,,,,,0.0,1.0,1.0,0.0,2.0,5.0,4.0,6.0,6.0,6.0
,,,,,,,,,,,,,0.0,1.0,2.0,1.0,3.0,5.0,4.0,5.0,6.0,1.0
,,,,,,,,,,,,,0.0,1.0,1.0,0.0,2.0,1.0,5.0,6.0,1.0,6.0
,,,,,,,,,,,,,0.0,1.0,2.0,1.0,0.0,2.0,1.0,1.0,2.0,5.0
,,,,,,,,,,,,,0.0,1.0,2.0,3.0,1.0,4.0,0.0,0.0,8.0,7.0
,,,,,,,,,,,,,0.0,1.0,1.0,0.0,2.0,5.0,4.0,0.0,4.0,6.0
,,,,,,,,,,,,,0.0,1.0,1.0,0.0,2.0,1.0,5.0,6.0,1.0,6.0
,,,,,,,,,,,,,0.0,1.0,2.0,1.0,3.0,2.0,1.0,1.0,2.0,5.0
,,,,,,,,,,,,,0.0,1.0,2.0,1.0,0.0,2.0,1.0,1.0,2.0,5.0
,,,,,,,,,,,,,0.0,1.0,2.0,1.0,0.0,5.0,1.0,0.0,4.0,5.0
,,,,,,,,,,,,,0.0,1.0,2.0,1.0,0.0,2.0,1.0,1.0,2.0,5.0
,,,,,,,,,,,,,0.0,1.0,2.0,1.0,3.0,5.0,2.0,5.0,5.0,1.0
,,,,,,,,,,,,,0.0,1.0,1.0,0.0,2.0,1.0,5.0,6.0,1.0,6.0
,,,,,,,,,,,,,0.0,1.0,2.0,1.0,0.0,2.0,1.0,1.0,2.0,5.0
,,,,,,,,,,,,,0.0,1.0,2.0,1.0,0.0,2.0,1.0,1.0,2.0,5.0
,,,,,,,,,,,,,0.0,1.0,1.0,0.0,2.0,5.0,4.0,0.0,4.0,6.0
,,,,,,,,,,,,,0.0,0.0,0.0,2.0,4.0,3.0,3.0,3.0,3.0,8.0
,,,,,,,,,,,,,0.0,1.0,2.0,1.0,0.0,5.0,4.0,0.0,6.0,6.0
,,,,,,,,,,,,,0.0,0.0,0.0,2.0,4.0,3.0,3.0,3.0,3.0,8.0
,,,,,,,,,,,,,0.0,1.0,1.0,0.0,2.0,1.0,5.0,6.0,1.0,6.0
,,,,,,,,,,,,,0.0,1.0,2.0,3.0,1.0,4.0,0.0,1.0,8.0,9.0
,,,,,,,,,,,,,0.0,1.0,2.0,3.0,1.0,4.0,0.0,1.0,8.0,0.0
,,,,,,,,,,,,,0.0,1.0,2.0,1.0,3.0,5.0,4.0,5.0,6.0,1.0
,,,,,,,,,,,,,0.0,1.0,2.0,3.0,1.0,4.0,0.0,0.0,8.0,7.0
,,,,,,,,,,,,,0.0,1.0,1.0,0.0,2.0,1.0,5.0,6.0,1.0,6.0
,,,,,,,,,,,,,0.0,1.0,2.0,1.0,0.0,2.0,1.0,1.0,6.0,5.0
,,,,,,,,,,,,,0.0,1.0,2.0,1.0,0.0,2.0,4.0,1.0,6.0,6.0
,,,,,,,,,,,,,0.0,1.0,2.0,1.0,3.0,2.0,1.0,5.0,2.0,1.0
,,,,,,,,,,,,,0.0,1.0,2.0,1.0,0.0,2.0,1.0,1.0,2.0,5.0
,,,,,,,,,,,,,0.0,1.0,2.0,1.0,0.0,5.0,4.0,0.0,6.0,6.0
,,,,,,,,,,,,,0.0,0.0,0.0,2.0,4.0,3.0,2.0,4.0,0.0,2.0
,,,,,,,,,,,,,0.0,1.0,2.0,1.0,0.0,2.0,4.0,1.0,6.0,5.0
,,,,,,,,,,,,,0.0,1.0,2.0,1.0,3.0,5.0,1.0,5.0,5.0,1.0
,,,,,,,,,,,,,0.0,1.0,2.0,1.0,0.0,5.0,4.0,0.0,4.0,5.0
,,,,,,,,,,,,,0.0,0.0,0.0,2.0,4.0,3.0,2.0,4.0,0.0,2.0
,,,,,,,,,,,,,0.0,1.0,1.0,0.0,2.0,1.0,5.0,2.0,1.0,3.0
,,,,,,,,,,,,,0.0,1.0,2.0,1.0,3.0,2.0,1.0,5.0,2.0,5.0
,,,,,,,,,,,,,0.0,1.0,1.0,0.0,2.0,1.0,5.0,6.0,1.0,3.0
,,,,,,,,,,,,,0.0,0.0,0.0,2.0,2.0,0.0,5.0,2.0,0.0,3.0
,,,,,,,,,,,,,0.0,0.0,0.0,2.0,4.0,5.0,2.0,4.0,0.0,2.0
,,,,,,,,,,,,,0.0,0.0,0.0,2.0,4.0,0.0,2.0,4.0,0.0,2.0
,,,,,,,,,,,,,0.0,1.0,1.0,0.0,2.0,5.0,4.0,6.0,6.0,6.0
,,,,,,,,,,,,,0.0,1.0,2.0,3.0,1.0,4.0,0.0,1.0,8.0,0.0
,,,,,,,,,,,,,0.0,1.0,2.0,1.0,0.0,5.0,4.0,0.0,4.0,5.0
,,,,,,,,,,,,,0.0,1.0,2.0,1.0,3.0,5.0,4.0,0.0,4.0,1.0
,,,,,,,,,,,,,0.0,1.0,1.0,0.0,2.0,1.0,5.0,6.0,1.0,3.0
,,,,,,,,,,,,,0.0,1.0,2.0,1.0,0.0,2.0,1.0,1.0,2.0,5.0
,,,,,,,,,,,,,0.0,1.0,2.0,1.0,0.0,2.0,1.0,1.0,2.0,5.0
,,,,,,,,,,,,,0.0,1.0,1.0,0.0,2.0,0.0,5.0,6.0,1.0,6.0
,,,,,,,,,,,,,0.0,1.0,1.0,0.0,2.0,1.0,5.0,6.0,1.0,6.0
,,,,,,,,,,,,,0.0,1.0,2.0,3.0,1.0,4.0,0.0,0.0,8.0,0.0
,,,,,,,,,,,,,0.0,1.0,2.0,3.0,1.0,4.0,0.0,1.0,8.0,7.0
,,,,,,,,,,,,,0.0,1.0,2.0,3.0,1.0,4.0,0.0,0.0,8.0,7.0
,,,,,,,,,,,,,0.0,1.0,2.0,3.0,1.0,4.0,0.0,0.0,7.0,7.0
,,,,,,,,,,,,,0.0,1.0,2.0,1.0,0.0,5.0,4.0,0.0,4.0,6.0
,,,,,,,,,,,,,0.0,1.0,1.0,0.0,2.0,0.0,5.0,2.0,1.0,3.0
,,,,,,,,,,,,,0.0,1.0,2.0,3.0,1.0,4.0,0.0,0.0,8.0,0.0
,,,,,,,,,,,,,0.0,1.0,1.0,0.0,2.0,5.0,4.0,6.0,6.0,6.0
,,,,,,,,,,,,,0.0,1.0,2.0,1.0,0.0,5.0,4.0,0.0,4.0,6.0
,,,,,,,,,,,,,0.0,1.0,2.0,1.0,0.0,2.0,1.0,1.0,2.0,5.0
,,,,,,,,,,,,,0.0,1.0,2.0,1.0,3.0,2.0,1.0,5.0,5.0,1.0
,,,,,,,,,,,,,0.0,1.0,1.0,0.0,2.0,1.0,5.0,6.0,1.0,6.0
,,,,,,,,,,,,,0.0,1.0,1.0,0.0,2.0,1.0,4.0,6.0,6.0,6.0
,,,,,,,,,,,,,0.0,1.0,2.0,1.0,0.0,2.0,1.0,1.0,2.0,5.0
,,,,,,,,,,,,,0.0,1.0,2.0,1.0,0.0,2.0,1.0,1.0,2.0,5.0
,,,,,,,,,,,,,0.0,1.0,2.0,3.0,1.0,4.0,0.0,0.0,7.0,7.0
,,,,,,,,,,,,,0.0,1.0,1.0,0.0,2.0,1.0,5.0,6.0,1.0,6.0
,,,,,,,,,,,,,0.0,1.0,1.0,0.0,2.0,1.0,5.0,6.0,1.0,3.0
,,,,,,,,,,,,,0.0,1.0,1.0,3.0,1.0,1.0,0.0,6.0,8.0,0.0
,,,,,,,,,,,,,0.0,1.0,2.0,1.0,0.0,5.0,4.0,6.0,6.0,6.0
,,,,,,,,,,,,,0.0,1.0,1.0,0.0,2.0,1.0,5.0,6.0,1.0,6.0
,,,,,,,,,,,,,0.0,1.0,2.0,1.0,0.0,2.0,1.0,1.0,2.0,5.0
,,,,,,,,,,,,,0.0,1.0,2.0,1.0,3.0,5.0,1.0,5.0,5.0,1.0
,,,,,,,,,,,,,0.0,1.0,1.0,0.0,2.0,5.0,4.0,0.0,4.0,6.0
,,,,,,,,,,,,,0.0,1.0,2.0,1.0,0.0,2.0,1.0,1.0,2.0,5.0
